feature,12h,24h,rank_12h,rank_24h
turbidity,9.5461,1.5886,1.0,14.0
turbidity_change_24h,9.4316,9.3434,2.0,1.0
turbidity_rolling_std_6h,4.7164,0.2689,3.0,109.0
turbidity_change_6h,3.496,1.0749,4.0,21.0
turbidity_change_3h,2.3544,0.4588,5.0,74.0
turbidity_rolling_mean_24h,1.7433,1.3028,6.0,15.0
missingindicator_water_temperature,1.4624,0.713,7.0,38.0
sp_conductance_change_6h,1.447,1.2359,8.0,18.0
do_saturation_lag_1h,1.3768,0.8746,9.0,29.0
water_temperature_rolling_max_6h,1.3604,0.4701,10.0,72.0
sp_conductance_change_12h,1.357,0.5257,11.0,59.0
sp_conductance_change_24h,1.3502,1.7262,12.0,10.0
sp_conductance_change_3h,1.0779,1.8903,13.0,9.0
day_of_year,1.062,0.8837,14.0,28.0
turbidity_change_12h,1.0217,0.5481,15.0,52.0
sp_conductance_lag_3h,1.0126,0.4041,16.0,85.0
sp_conductance_lag_1h,0.9492,0.8204,17.0,31.0
water_temperature_rolling_max_24h,0.9105,1.0696,18.0,22.0
water_temperature_rolling_std_24h,0.8431,0.6537,19.0,43.0
do_saturation_rolling_max_24h,0.8377,0.953,20.0,24.0
month_cos,0.8348,1.95,21.0,8.0
do_concentration_rolling_max_24h,0.8301,0.599,22.0,49.0
do_saturation_change_3h,0.8129,0.3863,23.0,90.0
do_saturation_rolling_mean_12h,0.8115,0.4048,24.0,84.0
do_saturation,0.7822,0.6144,25.0,47.0
water_temperature_change_6h,0.7775,0.5334,26.0,58.0
turbidity_rolling_max_24h,0.7759,0.6337,27.0,46.0
do_saturation_lag_24h,0.7429,0.8094,28.0,32.0
water_temperature_rolling_mean_6h,0.7263,0.4111,29.0,83.0
water_temperature_lag_3h,0.7218,0.1433,30.0,141.0
ph_change_24h,0.719,1.053,31.0,23.0
sp_conductance_lag_24h,0.7141,0.609,32.0,48.0
turbidity_rolling_std_12h,0.7068,0.3659,33.0,92.0
month,0.7042,0.1617,34.0,136.0
do_saturation_rolling_mean_6h,0.6999,1.1746,35.0,19.0
turbidity_rolling_mean_6h,0.6897,0.6447,36.0,45.0
do_concentration_rolling_mean_12h,0.6794,0.2581,37.0,113.0
turbidity_lag_1h,0.6781,0.945,38.0,25.0
water_temperature_rolling_mean_24h,0.6765,0.4569,39.0,76.0
turbidity_rolling_std_24h,0.6656,0.579,40.0,50.0
do_concentration_rolling_max_6h,0.6606,0.2387,41.0,118.0
sp_conductance_lag_12h,0.6606,0.5459,42.0,54.0
missingindicator_sp_conductance_rolling_mean_6h,0.6585,0.1982,43.0,128.0
sp_conductance_rolling_mean_6h,0.6529,0.3541,44.0,94.0
turbidity_rolling_max_12h,0.6417,0.519,45.0,61.0
ph_lag_12h,0.6383,0.2707,46.0,108.0
do_concentration_rolling_mean_24h,0.6355,0.6651,47.0,40.0
sp_conductance_rolling_std_12h,0.6322,0.2915,48.0,103.0
do_concentration_change_24h,0.6185,0.7826,49.0,34.0
missingindicator_sp_conductance_change_12h,0.6161,0.0,50.0,155.0
water_temperature_change_3h,0.6014,0.5095,51.0,63.0
water_temperature_rolling_std_6h,0.599,0.4181,52.0,82.0
ph_rolling_std_24h,0.5914,0.6577,53.0,42.0
water_temperature_change_24h,0.5885,0.5362,54.0,56.0
do_saturation_change_24h,0.5874,0.3257,55.0,98.0
do_concentration_rolling_max_12h,0.5845,0.3255,56.0,99.0
do_saturation_lag_3h,0.5817,0.3476,57.0,95.0
water_temperature_rolling_std_12h,0.5699,0.4026,58.0,86.0
do_saturation_rolling_std_24h,0.5684,0.3188,59.0,100.0
turbidity_rolling_mean_12h,0.5641,0.3888,60.0,89.0
turbidity_lag_24h,0.5421,0.5162,61.0,62.0
ph_rolling_max_12h,0.5326,0.4578,62.0,75.0
do_saturation_rolling_max_12h,0.5251,0.4217,63.0,81.0
do_concentration_rolling_std_24h,0.5247,0.5093,64.0,64.0
do_concentration_lag_1h,0.518,0.1022,65.0,146.0
do_concentration_lag_6h,0.5171,0.234,66.0,122.0
ph_rolling_mean_24h,0.5059,0.9335,67.0,27.0
turbidity_lag_12h,0.5025,0.3729,68.0,91.0
water_temperature_change_12h,0.4999,0.2911,69.0,104.0
turbidity_rolling_max_6h,0.4974,0.565,70.0,51.0
sp_conductance_lag_6h,0.4903,0.395,71.0,87.0
do_saturation_lag_6h,0.484,0.2335,72.0,123.0
sp_conductance_rolling_mean_24h,0.4723,0.5398,73.0,55.0
missingindicator_sp_conductance_rolling_std_6h,0.4642,0.0,74.0,155.0
ph_rolling_mean_6h,0.4596,0.2085,75.0,126.0
ph_change_3h,0.4479,0.0474,76.0,152.0
sp_conductance_rolling_max_12h,0.4404,0.4556,77.0,77.0
missingindicator_do_concentration,0.4388,3.5113,78.0,2.0
do_saturation_lag_12h,0.4341,1.2817,79.0,16.0
missingindicator_do_concentration_rolling_mean_6h,0.4281,0.0,80.0,155.0
sp_conductance_rolling_mean_12h,0.4225,0.7151,81.0,37.0
missingindicator_do_concentration_lag_24h,0.4032,2.3489,82.0,4.0
missingindicator_do_concentration_change_24h,0.4021,0.3047,83.0,102.0
sp_conductance_rolling_max_6h,0.4016,1.2797,84.0,17.0
ph_rolling_max_24h,0.393,0.6605,85.0,41.0
ph_rolling_std_6h,0.3925,0.2519,86.0,116.0
do_saturation_rolling_max_6h,0.3922,0.316,87.0,101.0
ph_rolling_std_12h,0.3805,0.1156,88.0,144.0
do_concentration_rolling_std_12h,0.3778,0.2828,89.0,105.0
ph,0.3754,0.2642,90.0,110.0
do_saturation_rolling_mean_24h,0.3572,0.5461,91.0,53.0
water_temperature_lag_6h,0.3539,0.2341,92.0,121.0
do_concentration_lag_12h,0.3493,0.1761,93.0,131.0
missingindicator_sp_conductance_rolling_mean_24h,0.3356,0.5339,94.0,57.0
missingindicator_do_concentration_rolling_mean_12h,0.3262,0.0,95.0,155.0
ph_lag_3h,0.3255,0.1027,96.0,145.0
ph_lag_1h,0.3228,0.2773,97.0,107.0
sp_conductance_rolling_std_24h,0.3214,0.4441,98.0,78.0
ph_lag_24h,0.3112,0.3574,99.0,93.0
water_temperature_rolling_max_12h,0.3095,0.4784,100.0,70.0
missingindicator_sp_conductance_rolling_max_24h,0.309,0.4316,101.0,79.0
ph_lag_6h,0.3072,0.2349,102.0,120.0
sp_conductance_rolling_std_6h,0.3067,0.5215,103.0,60.0
ph_change_12h,0.3017,0.1567,104.0,137.0
ph_rolling_mean_12h,0.2956,0.4271,105.0,80.0
ph_change_6h,0.2864,0.1284,106.0,142.0
sp_conductance,0.2798,0.4989,107.0,66.0
water_temperature_lag_24h,0.2786,0.2639,108.0,111.0
water_temperature_lag_1h,0.2781,0.2607,109.0,112.0
sp_conductance_rolling_max_24h,0.2747,0.459,110.0,73.0
ph_rolling_max_6h,0.2726,0.7944,111.0,33.0
turbidity_ratio_1h,0.2687,0.0968,112.0,148.0
do_saturation_change_6h,0.2652,0.2042,113.0,127.0
do_saturation_rolling_std_12h,0.2628,0.2383,114.0,119.0
do_saturation_change_12h,0.2608,0.4937,115.0,67.0
do_concentration_lag_24h,0.2459,0.2552,116.0,114.0
turbidity_lag_3h,0.2428,0.6486,117.0,44.0
high_turbidity,0.2317,0.2398,118.0,117.0
water_temperature_lag_12h,0.2299,0.1754,119.0,132.0
do_concentration_change_3h,0.2285,0.4765,120.0,71.0
do_concentration_change_6h,0.2248,0.1749,121.0,133.0
water_temperature_rolling_mean_12h,0.219,0.2529,122.0,115.0
day_of_week,0.2162,0.3397,123.0,96.0
month_sin,0.2121,2.2503,124.0,5.0
do_concentration_rolling_mean_6h,0.2118,0.2253,125.0,124.0
water_temperature,0.2001,0.2244,126.0,125.0
do_concentration_lag_3h,0.2,0.1558,127.0,138.0
do_concentration_rolling_std_6h,0.1752,0.1825,128.0,130.0
do_concentration,0.173,0.1625,129.0,135.0
do_concentration_change_12h,0.1704,0.394,130.0,88.0
missingindicator_sp_conductance_rolling_mean_12h,0.1636,0.9354,131.0,26.0
turbidity_change_1h,0.1589,0.0786,132.0,149.0
hour_cos,0.1551,0.2793,133.0,106.0
do_saturation_rolling_std_6h,0.1416,0.1478,134.0,140.0
missingindicator_do_saturation_change_24h,0.1401,0.0,135.0,155.0
turbidity_lag_6h,0.1294,0.1876,136.0,129.0
hour,0.1074,0.0991,137.0,147.0
hour_sin,0.0958,0.053,138.0,151.0
missingindicator_do_saturation_lag_24h,0.0504,0.0,139.0,155.0
missingindicator_do_concentration_rolling_std_24h,0.0478,0.0,140.0,155.0
missingindicator_do_concentration_change_6h,0.0456,0.169,141.0,134.0
missingindicator_water_temperature_lag_24h,0.0,0.5078,142.0,65.0
missingindicator_water_temperature_change_24h,0.0,0.0664,142.0,150.0
missingindicator_sp_conductance,0.0,0.8699,142.0,30.0
missingindicator_do_concentration_rolling_mean_24h,0.0,2.0083,142.0,6.0
missingindicator_do_concentration_change_12h,0.0,0.4801,142.0,69.0
missingindicator_do_concentration_change_3h,0.0,0.1217,142.0,143.0
missingindicator_do_concentration_lag_12h,0.0,1.6912,142.0,11.0
missingindicator_sp_conductance_lag_12h,0.0,0.6924,142.0,39.0
missingindicator_sp_conductance_lag_24h,0.0,0.4838,142.0,68.0
missingindicator_sp_conductance_lag_3h,0.0,1.9522,142.0,7.0
missingindicator_water_temperature_rolling_mean_24h,0.0,1.6875,142.0,12.0
missingindicator_sp_conductance_rolling_max_6h,0.0,0.031,142.0,153.0
missingindicator_do_concentration_rolling_max_24h,0.0,1.6237,142.0,13.0
missingindicator_do_concentration_lag_6h,0.0,2.9334,142.0,3.0
missingindicator_do_concentration_lag_3h,0.0,1.1175,142.0,20.0
missingindicator_do_saturation,0.0,0.0004,142.0,154.0
missingindicator_do_saturation_lag_12h,0.0,0.7815,142.0,35.0
missingindicator_do_saturation_lag_3h,0.0,0.326,142.0,97.0
missingindicator_ph,0.0,0.7536,142.0,36.0
missingindicator_sp_conductance_change_24h,0.0,0.1523,142.0,139.0
