timestamp_utc,turbidity,year,period
2011-04-28 20:00:00+00:00,993.4,2011,train
2012-05-21 16:00:00+00:00,711.7,2012,train
2013-05-10 00:00:00+00:00,342.6,2013,train
2013-05-10 01:00:00+00:00,326.9,2013,train
2013-07-03 05:00:00+00:00,590.5,2013,train
2013-07-09 09:00:00+00:00,390.0,2013,train
2013-09-08 09:00:00+00:00,613.4,2013,train
2013-09-08 10:00:00+00:00,391.4,2013,train
2013-09-08 11:00:00+00:00,835.6,2013,train
2013-09-08 12:00:00+00:00,799.3,2013,train
2013-09-08 13:00:00+00:00,904.9,2013,train
2013-09-08 14:00:00+00:00,1063.5,2013,train
2013-09-08 15:00:00+00:00,1226.1,2013,train
2013-09-08 16:00:00+00:00,1281.8,2013,train
2013-09-08 17:00:00+00:00,1278.3,2013,train
2013-09-08 18:00:00+00:00,1275.8,2013,train
2013-09-08 19:00:00+00:00,1264.1,2013,train
2013-09-08 20:00:00+00:00,1146.1,2013,train
2013-09-08 21:00:00+00:00,1230.1,2013,train
2013-09-08 22:00:00+00:00,724.9,2013,train
2013-09-08 23:00:00+00:00,829.1,2013,train
2013-09-09 00:00:00+00:00,735.5,2013,train
2013-09-09 01:00:00+00:00,893.0,2013,train
2013-09-09 02:00:00+00:00,444.8,2013,train
2013-09-09 03:00:00+00:00,479.9,2013,train
2013-09-09 04:00:00+00:00,428.5,2013,train
2013-09-09 05:00:00+00:00,359.9,2013,train
2013-09-09 06:00:00+00:00,364.2,2013,train
2013-09-09 07:00:00+00:00,462.9,2013,train
2013-09-09 08:00:00+00:00,336.2,2013,train
2013-09-21 19:00:00+00:00,344.0,2013,train
2014-08-01 05:00:00+00:00,455.7,2014,train
2014-08-12 14:00:00+00:00,697.3,2014,train
2014-08-12 15:00:00+00:00,1199.2,2014,train
2014-08-12 16:00:00+00:00,1060.2,2014,train
2014-08-12 17:00:00+00:00,1214.2,2014,train
2014-08-12 18:00:00+00:00,1069.8,2014,train
2014-08-12 19:00:00+00:00,1216.5,2014,train
2014-08-12 20:00:00+00:00,1207.8,2014,train
2014-08-12 21:00:00+00:00,1178.7,2014,train
2014-08-12 22:00:00+00:00,768.2,2014,train
2014-08-12 23:00:00+00:00,939.8,2014,train
2014-08-13 00:00:00+00:00,711.2,2014,train
2014-08-13 01:00:00+00:00,658.8,2014,train
2014-08-13 02:00:00+00:00,448.7,2014,train
2014-08-13 03:00:00+00:00,786.9,2014,train
2014-08-13 04:00:00+00:00,396.0,2014,train
2014-08-13 05:00:00+00:00,468.0,2014,train
2014-08-13 08:00:00+00:00,510.6,2014,train
2014-09-22 11:00:00+00:00,358.9,2014,train
2014-09-22 14:00:00+00:00,351.9,2014,train
2014-09-22 15:00:00+00:00,430.6,2014,train
2014-09-22 17:00:00+00:00,363.5,2014,train
2014-10-04 16:00:00+00:00,470.1,2014,train
2014-10-04 17:00:00+00:00,427.5,2014,train
2014-10-04 18:00:00+00:00,350.8,2014,train
2014-10-04 19:00:00+00:00,440.8,2014,train
2014-10-04 20:00:00+00:00,333.4,2014,train
2014-10-04 21:00:00+00:00,356.6,2014,train
2014-10-04 22:00:00+00:00,347.1,2014,train
2014-10-04 23:00:00+00:00,529.4,2014,train
2014-10-05 01:00:00+00:00,432.1,2014,train
2014-10-05 04:00:00+00:00,326.1,2014,train
2014-10-05 06:00:00+00:00,334.2,2014,train
2014-10-05 08:00:00+00:00,326.3,2014,train
2014-10-10 21:00:00+00:00,346.2,2014,train
2014-10-10 22:00:00+00:00,875.2,2014,train
2014-10-10 23:00:00+00:00,558.7,2014,train
2014-10-11 00:00:00+00:00,580.5,2014,train
2014-10-11 01:00:00+00:00,419.0,2014,train
2014-10-11 02:00:00+00:00,466.9,2014,train
2014-10-11 03:00:00+00:00,519.7,2014,train
2014-10-11 04:00:00+00:00,594.7,2014,train
2014-10-11 05:00:00+00:00,418.2,2014,train
2014-10-11 06:00:00+00:00,431.0,2014,train
2015-08-18 18:00:00+00:00,348.5,2015,train
2015-08-18 21:00:00+00:00,459.2,2015,train
2015-08-18 22:00:00+00:00,382.4,2015,train
2015-08-18 23:00:00+00:00,436.4,2015,train
2015-08-19 00:00:00+00:00,485.1,2015,train
2015-08-19 01:00:00+00:00,621.8,2015,train
2015-08-19 02:00:00+00:00,446.7,2015,train
2015-08-19 03:00:00+00:00,369.4,2015,train
2015-08-19 05:00:00+00:00,423.2,2015,train
2015-08-19 06:00:00+00:00,320.2,2015,train
2015-08-19 08:00:00+00:00,322.6,2015,train
2015-08-22 18:00:00+00:00,1141.7,2015,train
2015-09-11 07:00:00+00:00,1118.6,2015,train
2015-09-11 08:00:00+00:00,924.8,2015,train
2015-09-11 09:00:00+00:00,1181.3,2015,train
2015-09-11 10:00:00+00:00,1199.8,2015,train
2015-09-11 11:00:00+00:00,1205.9,2015,train
2015-09-11 12:00:00+00:00,1202.6,2015,train
2015-09-11 13:00:00+00:00,1197.5,2015,train
2015-09-11 14:00:00+00:00,1200.3,2015,train
2015-09-11 15:00:00+00:00,1081.6,2015,train
2015-09-11 16:00:00+00:00,1195.6,2015,train
2015-09-11 17:00:00+00:00,946.3,2015,train
2015-09-11 18:00:00+00:00,1019.7,2015,train
2015-09-11 19:00:00+00:00,804.3,2015,train
2015-09-11 20:00:00+00:00,638.5,2015,train
2015-09-11 21:00:00+00:00,607.3,2015,train
2015-09-11 22:00:00+00:00,1004.6,2015,train
2015-09-11 23:00:00+00:00,784.3,2015,train
2015-09-12 00:00:00+00:00,638.9,2015,train
2015-09-12 01:00:00+00:00,434.1,2015,train
2015-09-12 02:00:00+00:00,525.5,2015,train
2015-09-12 03:00:00+00:00,406.7,2015,train
2015-09-12 04:00:00+00:00,379.7,2015,train
2015-09-12 06:00:00+00:00,512.2,2015,train
2015-09-12 08:00:00+00:00,322.0,2015,train
2015-09-12 09:00:00+00:00,341.6,2015,train
2015-09-12 11:00:00+00:00,379.5,2015,train
2015-09-12 18:00:00+00:00,515.6,2015,train
2015-09-13 01:00:00+00:00,329.2,2015,train
2015-09-30 02:00:00+00:00,379.5,2015,train
2015-09-30 04:00:00+00:00,527.5,2015,train
2015-09-30 05:00:00+00:00,510.3,2015,train
2015-09-30 06:00:00+00:00,863.0,2015,train
2015-09-30 07:00:00+00:00,997.7,2015,train
2015-09-30 08:00:00+00:00,945.3,2015,train
2015-09-30 09:00:00+00:00,1174.5,2015,train
2015-09-30 10:00:00+00:00,1194.8,2015,train
2015-09-30 11:00:00+00:00,1195.1,2015,train
2015-09-30 12:00:00+00:00,1191.8,2015,train
2015-09-30 13:00:00+00:00,1193.5,2015,train
2015-09-30 14:00:00+00:00,907.4,2015,train
2015-09-30 15:00:00+00:00,1026.4,2015,train
2015-09-30 16:00:00+00:00,1123.6,2015,train
2015-09-30 17:00:00+00:00,1029.4,2015,train
2015-09-30 18:00:00+00:00,876.5,2015,train
2015-09-30 19:00:00+00:00,993.8,2015,train
2015-09-30 20:00:00+00:00,886.6,2015,train
2015-09-30 21:00:00+00:00,701.4,2015,train
2015-09-30 22:00:00+00:00,838.4,2015,train
2015-09-30 23:00:00+00:00,761.4,2015,train
2015-10-01 00:00:00+00:00,628.7,2015,train
2015-10-01 01:00:00+00:00,732.2,2015,train
2015-10-01 02:00:00+00:00,477.9,2015,train
2015-10-01 03:00:00+00:00,535.2,2015,train
2015-10-01 04:00:00+00:00,525.7,2015,train
2015-10-01 05:00:00+00:00,543.7,2015,train
2015-10-01 06:00:00+00:00,704.1,2015,train
2015-10-01 07:00:00+00:00,459.2,2015,train
2015-10-01 08:00:00+00:00,391.1,2015,train
2015-10-01 09:00:00+00:00,373.7,2015,train
2015-10-01 10:00:00+00:00,354.9,2015,train
2015-10-01 11:00:00+00:00,337.4,2015,train
2015-10-01 12:00:00+00:00,378.8,2015,train
2015-10-01 15:00:00+00:00,417.2,2015,train
2015-10-02 01:00:00+00:00,377.2,2015,train
2015-10-02 02:00:00+00:00,348.5,2015,train
2015-10-10 07:00:00+00:00,469.3,2015,train
2015-10-10 13:00:00+00:00,342.9,2015,train
2015-10-10 19:00:00+00:00,383.3,2015,train
2015-10-10 20:00:00+00:00,386.1,2015,train
2015-10-17 20:00:00+00:00,328.6,2015,train
2015-10-17 21:00:00+00:00,404.7,2015,train
2015-10-17 22:00:00+00:00,368.1,2015,train
2015-10-17 23:00:00+00:00,369.0,2015,train
2015-10-18 02:00:00+00:00,372.3,2015,train
2015-10-18 04:00:00+00:00,328.1,2015,train
2015-10-18 05:00:00+00:00,480.3,2015,train
2016-04-13 05:00:00+00:00,1056.5,2016,train
2016-07-24 02:00:00+00:00,489.5,2016,train
2016-07-24 03:00:00+00:00,471.8,2016,train
2016-07-24 04:00:00+00:00,456.6,2016,train
2016-07-24 05:00:00+00:00,507.8,2016,train
2016-07-24 06:00:00+00:00,379.8,2016,train
2016-07-24 09:00:00+00:00,354.3,2016,train
2016-07-28 21:00:00+00:00,341.1,2016,train
2016-08-12 19:00:00+00:00,372.2,2016,train
2016-08-15 13:00:00+00:00,365.3,2016,train
2016-08-26 17:00:00+00:00,360.4,2016,train
2016-09-13 13:00:00+00:00,643.8,2016,train
2016-09-13 14:00:00+00:00,1035.0,2016,train
2016-09-13 15:00:00+00:00,645.6,2016,train
2016-09-13 16:00:00+00:00,519.9,2016,train
2016-09-13 17:00:00+00:00,407.3,2016,train
2016-09-13 18:00:00+00:00,487.2,2016,train
2016-09-13 19:00:00+00:00,680.1,2016,train
2016-09-13 20:00:00+00:00,532.9,2016,train
2016-09-13 21:00:00+00:00,389.1,2016,train
2016-09-13 22:00:00+00:00,372.6,2016,train
2016-09-14 00:00:00+00:00,327.8,2016,train
2016-09-14 02:00:00+00:00,425.9,2016,train
2016-09-14 05:00:00+00:00,335.6,2016,train
2016-09-14 06:00:00+00:00,372.2,2016,train
2016-09-14 08:00:00+00:00,388.9,2016,train
2016-09-14 09:00:00+00:00,363.0,2016,train
2017-05-22 08:00:00+00:00,326.6,2017,train
2017-05-22 14:00:00+00:00,368.0,2017,train
2017-05-22 15:00:00+00:00,434.8,2017,train
2017-05-22 16:00:00+00:00,506.7,2017,train
2017-05-22 17:00:00+00:00,425.3,2017,train
2017-05-22 18:00:00+00:00,546.2,2017,train
2017-05-22 19:00:00+00:00,524.1,2017,train
2017-05-22 20:00:00+00:00,710.9,2017,train
2017-05-22 21:00:00+00:00,461.3,2017,train
2017-05-22 22:00:00+00:00,402.2,2017,train
2017-05-22 23:00:00+00:00,403.3,2017,train
2017-05-23 00:00:00+00:00,446.9,2017,train
2017-05-23 01:00:00+00:00,506.5,2017,train
2017-05-23 02:00:00+00:00,324.4,2017,train
2017-05-23 03:00:00+00:00,449.9,2017,train
2017-05-23 04:00:00+00:00,433.6,2017,train
2017-06-09 15:00:00+00:00,417.4,2017,train
2017-06-09 19:00:00+00:00,332.3,2017,train
2017-07-30 16:00:00+00:00,604.8,2017,train
2017-07-30 17:00:00+00:00,1045.9,2017,train
2017-07-30 18:00:00+00:00,981.8,2017,train
2017-07-30 19:00:00+00:00,915.6,2017,train
2017-07-30 20:00:00+00:00,708.9,2017,train
2017-07-30 21:00:00+00:00,668.3,2017,train
2017-07-30 22:00:00+00:00,534.2,2017,train
2017-07-30 23:00:00+00:00,416.3,2017,train
2017-07-31 00:00:00+00:00,464.5,2017,train
2017-07-31 01:00:00+00:00,398.1,2017,train
2017-07-31 02:00:00+00:00,416.6,2017,train
2017-07-31 03:00:00+00:00,417.4,2017,train
2017-07-31 04:00:00+00:00,330.2,2017,train
2017-08-31 01:00:00+00:00,523.2,2017,train
2017-08-31 02:00:00+00:00,637.2,2017,train
2017-08-31 03:00:00+00:00,342.5,2017,train
2017-08-31 04:00:00+00:00,341.4,2017,train
2017-08-31 05:00:00+00:00,332.7,2017,train
2017-08-31 07:00:00+00:00,405.5,2017,train
2017-08-31 08:00:00+00:00,397.9,2017,train
2017-09-07 04:00:00+00:00,345.9,2017,train
2017-09-07 06:00:00+00:00,452.0,2017,train
2017-09-07 09:00:00+00:00,364.1,2017,train
2017-09-07 10:00:00+00:00,607.9,2017,train
2017-09-07 11:00:00+00:00,583.0,2017,train
2017-09-07 12:00:00+00:00,842.4,2017,train
2017-09-07 13:00:00+00:00,534.3,2017,train
2017-09-07 14:00:00+00:00,602.0,2017,train
2017-09-07 15:00:00+00:00,559.2,2017,train
2017-09-07 16:00:00+00:00,639.7,2017,train
2017-09-07 17:00:00+00:00,450.3,2017,train
2017-09-07 18:00:00+00:00,344.2,2017,train
2017-09-07 19:00:00+00:00,488.6,2017,train
2017-09-07 20:00:00+00:00,576.1,2017,train
2017-09-07 22:00:00+00:00,326.8,2017,train
2017-09-07 23:00:00+00:00,332.7,2017,train
2018-05-07 09:00:00+00:00,365.4,2018,train
2018-05-07 10:00:00+00:00,451.4,2018,train
2018-07-11 11:00:00+00:00,371.7,2018,train
2018-08-08 10:00:00+00:00,323.1,2018,train
2018-08-08 21:00:00+00:00,321.9,2018,train
2018-08-08 22:00:00+00:00,321.4,2018,train
2018-08-09 07:00:00+00:00,352.8,2018,train
2018-08-09 09:00:00+00:00,328.0,2018,train
2018-08-09 13:00:00+00:00,360.2,2018,train
2018-08-09 14:00:00+00:00,431.1,2018,train
2018-08-09 15:00:00+00:00,432.0,2018,train
2018-08-09 16:00:00+00:00,499.0,2018,train
2018-08-09 17:00:00+00:00,803.4,2018,train
2018-08-09 18:00:00+00:00,549.3,2018,train
2018-08-09 19:00:00+00:00,642.9,2018,train
2018-08-09 20:00:00+00:00,594.7,2018,train
2018-08-09 21:00:00+00:00,565.3,2018,train
2018-08-09 22:00:00+00:00,393.1,2018,train
2018-08-09 23:00:00+00:00,359.8,2018,train
2018-08-10 00:00:00+00:00,356.7,2018,train
2018-08-10 02:00:00+00:00,351.1,2018,train
2018-08-10 08:00:00+00:00,476.0,2018,train
2018-08-10 09:00:00+00:00,348.3,2018,train
2018-08-10 10:00:00+00:00,328.4,2018,train
2018-08-10 11:00:00+00:00,342.1,2018,train
2018-10-14 21:00:00+00:00,584.7,2018,train
2018-10-14 22:00:00+00:00,539.6,2018,train
2018-10-14 23:00:00+00:00,465.5,2018,train
2018-10-15 00:00:00+00:00,402.8,2018,train
2018-10-15 01:00:00+00:00,410.7,2018,train
2018-10-15 08:00:00+00:00,375.7,2018,train
2018-10-15 09:00:00+00:00,425.3,2018,train
2018-10-15 10:00:00+00:00,333.9,2018,train
2018-10-15 11:00:00+00:00,341.0,2018,train
2018-10-15 12:00:00+00:00,504.4,2018,train
2018-10-15 13:00:00+00:00,585.9,2018,train
2018-10-15 14:00:00+00:00,413.2,2018,train
2018-10-15 15:00:00+00:00,464.7,2018,train
2018-10-15 16:00:00+00:00,519.3,2018,train
2018-10-15 17:00:00+00:00,344.1,2018,train
2018-10-15 18:00:00+00:00,398.3,2018,train
2018-10-16 00:00:00+00:00,443.9,2018,train
2018-10-16 06:00:00+00:00,349.9,2018,train
2018-10-16 08:00:00+00:00,396.7,2018,train
2018-10-16 09:00:00+00:00,352.6,2018,train
2018-10-16 11:00:00+00:00,510.4,2018,train
2018-10-16 12:00:00+00:00,331.7,2018,train
2018-10-16 13:00:00+00:00,355.8,2018,train
2018-10-16 14:00:00+00:00,327.0,2018,train
2018-10-16 15:00:00+00:00,322.9,2018,train
2019-06-30 09:00:00+00:00,339.4,2019,train
2019-08-07 09:00:00+00:00,345.0,2019,train
2019-09-14 07:00:00+00:00,445.7,2019,train
2019-09-14 08:00:00+00:00,340.6,2019,train
2019-09-19 12:00:00+00:00,320.9,2019,train
2019-09-19 14:00:00+00:00,460.9,2019,train
2019-09-19 15:00:00+00:00,648.3,2019,train
2019-09-19 16:00:00+00:00,720.5,2019,train
2019-09-19 17:00:00+00:00,583.8,2019,train
2019-09-19 18:00:00+00:00,472.2,2019,train
2019-09-19 19:00:00+00:00,358.9,2019,train
2019-09-21 06:00:00+00:00,389.7,2019,train
2019-09-21 07:00:00+00:00,1302.6,2019,train
2019-09-21 08:00:00+00:00,795.6,2019,train
2019-09-21 09:00:00+00:00,827.5,2019,train
2019-09-21 10:00:00+00:00,1299.1,2019,train
2019-09-21 11:00:00+00:00,1241.6,2019,train
2019-09-21 12:00:00+00:00,1256.5,2019,train
2019-09-21 13:00:00+00:00,1043.8,2019,train
2019-09-21 14:00:00+00:00,842.3,2019,train
2019-09-21 15:00:00+00:00,918.8,2019,train
2019-09-21 16:00:00+00:00,569.6,2019,train
2019-09-21 17:00:00+00:00,592.2,2019,train
2019-09-21 18:00:00+00:00,543.5,2019,train
2019-09-21 19:00:00+00:00,404.1,2019,train
2019-09-21 20:00:00+00:00,559.3,2019,train
2019-09-21 22:00:00+00:00,377.4,2019,train
2019-09-21 23:00:00+00:00,407.5,2019,train
2019-09-22 00:00:00+00:00,333.3,2019,train
2019-09-22 01:00:00+00:00,414.4,2019,train
2019-09-22 02:00:00+00:00,404.7,2019,train
2019-09-22 03:00:00+00:00,454.1,2019,train
2019-09-22 04:00:00+00:00,447.0,2019,train
2019-09-22 06:00:00+00:00,420.1,2019,train
2019-11-22 03:00:00+00:00,564.8,2019,train
2019-11-22 04:00:00+00:00,462.2,2019,train
2020-06-13 23:00:00+00:00,321.3,2020,train
2020-10-03 12:00:00+00:00,345.2,2020,validation
2021-08-13 09:00:00+00:00,353.6,2021,validation
2021-08-13 14:00:00+00:00,361.3,2021,validation
2021-08-13 16:00:00+00:00,367.4,2021,validation
2021-08-13 18:00:00+00:00,388.9,2021,validation
2021-08-13 19:00:00+00:00,533.4,2021,validation
2021-08-13 20:00:00+00:00,705.0,2021,validation
2021-08-13 21:00:00+00:00,835.9,2021,validation
2021-08-13 22:00:00+00:00,825.0,2021,validation
2021-08-13 23:00:00+00:00,775.9,2021,validation
2021-08-14 00:00:00+00:00,707.7,2021,validation
2021-08-14 01:00:00+00:00,569.5,2021,validation
2021-08-14 02:00:00+00:00,610.3,2021,validation
2021-08-14 03:00:00+00:00,580.5,2021,validation
2021-08-14 04:00:00+00:00,500.0,2021,validation
2021-08-14 05:00:00+00:00,400.9,2021,validation
2021-08-14 06:00:00+00:00,325.5,2021,validation
2021-08-14 07:00:00+00:00,374.1,2021,validation
2021-08-14 08:00:00+00:00,452.9,2021,validation
2021-08-14 10:00:00+00:00,395.0,2021,validation
2021-09-07 17:00:00+00:00,526.3,2021,validation
2021-10-10 16:00:00+00:00,402.2,2021,validation
2022-08-17 21:00:00+00:00,402.9,2022,validation
2022-08-17 22:00:00+00:00,523.3,2022,validation
2022-08-17 23:00:00+00:00,715.3,2022,validation
2022-08-18 00:00:00+00:00,645.1,2022,validation
2022-08-18 01:00:00+00:00,539.9,2022,validation
2022-08-18 02:00:00+00:00,486.9,2022,validation
2022-08-18 03:00:00+00:00,390.2,2022,validation
2022-08-18 04:00:00+00:00,379.9,2022,validation
2022-08-18 06:00:00+00:00,324.6,2022,validation
2022-09-10 08:00:00+00:00,369.5,2022,validation
2022-09-26 20:00:00+00:00,435.0,2022,validation
2022-09-26 21:00:00+00:00,598.6,2022,validation
2022-09-26 22:00:00+00:00,963.7,2022,validation
2022-09-26 23:00:00+00:00,1081.2,2022,validation
2022-09-27 00:00:00+00:00,1259.7,2022,validation
2022-09-27 01:00:00+00:00,1229.2,2022,validation
2022-09-27 02:00:00+00:00,1200.7,2022,validation
2022-09-27 03:00:00+00:00,1181.9,2022,validation
2022-09-27 04:00:00+00:00,1129.4,2022,validation
2022-09-27 05:00:00+00:00,994.2,2022,validation
2022-09-27 06:00:00+00:00,940.7,2022,validation
2022-09-27 07:00:00+00:00,831.3,2022,validation
2022-09-27 08:00:00+00:00,763.4,2022,validation
2022-09-27 09:00:00+00:00,656.8,2022,validation
2022-09-27 10:00:00+00:00,630.3,2022,validation
2022-09-27 11:00:00+00:00,559.3,2022,validation
2022-09-27 12:00:00+00:00,533.6,2022,validation
2022-09-27 13:00:00+00:00,552.7,2022,validation
2022-09-27 14:00:00+00:00,508.6,2022,validation
2022-09-27 15:00:00+00:00,469.0,2022,validation
2022-09-27 16:00:00+00:00,481.9,2022,validation
2022-09-27 17:00:00+00:00,331.2,2022,validation
2022-09-27 18:00:00+00:00,390.1,2022,validation
2022-09-27 19:00:00+00:00,343.6,2022,validation
2022-09-27 20:00:00+00:00,327.5,2022,validation
2022-09-27 21:00:00+00:00,326.1,2022,validation
2022-09-28 13:00:00+00:00,406.3,2022,validation
2022-10-01 14:00:00+00:00,391.6,2022,validation
2022-10-01 15:00:00+00:00,472.6,2022,validation
2022-10-01 16:00:00+00:00,568.4,2022,validation
2022-10-01 17:00:00+00:00,643.2,2022,validation
2022-10-01 18:00:00+00:00,695.4,2022,validation
2022-10-01 19:00:00+00:00,657.5,2022,validation
2022-10-01 20:00:00+00:00,609.1,2022,validation
2022-10-01 21:00:00+00:00,548.2,2022,validation
2022-10-01 22:00:00+00:00,477.0,2022,validation
2022-10-01 23:00:00+00:00,441.7,2022,validation
2022-10-02 00:00:00+00:00,388.9,2022,validation
2022-10-02 01:00:00+00:00,354.1,2022,validation
2022-10-02 03:00:00+00:00,367.4,2022,validation
2022-10-10 00:00:00+00:00,374.4,2022,validation
2022-10-10 01:00:00+00:00,333.3,2022,validation
2022-10-10 02:00:00+00:00,353.5,2022,validation
2022-10-13 14:00:00+00:00,351.9,2022,validation
2022-10-13 15:00:00+00:00,378.4,2022,validation
2022-10-13 16:00:00+00:00,383.0,2022,validation
2022-10-13 17:00:00+00:00,387.2,2022,validation
2022-10-13 18:00:00+00:00,397.9,2022,validation
2022-10-13 19:00:00+00:00,421.3,2022,validation
2022-10-13 20:00:00+00:00,453.5,2022,validation
2022-10-13 21:00:00+00:00,435.4,2022,validation
2022-10-13 22:00:00+00:00,412.8,2022,validation
2022-10-13 23:00:00+00:00,450.2,2022,validation
2022-10-14 00:00:00+00:00,414.0,2022,validation
2022-10-14 01:00:00+00:00,407.7,2022,validation
2022-10-14 02:00:00+00:00,389.5,2022,validation
2022-10-14 03:00:00+00:00,371.8,2022,validation
2022-10-14 04:00:00+00:00,354.0,2022,validation
2022-10-14 05:00:00+00:00,357.5,2022,validation
2022-10-14 06:00:00+00:00,344.3,2022,validation
2022-10-14 07:00:00+00:00,319.9,2022,validation
2023-04-28 00:00:00+00:00,1158.3,2023,test
2023-05-05 23:00:00+00:00,341.3,2023,test
2023-06-05 03:00:00+00:00,395.1,2023,test
2023-06-27 03:00:00+00:00,366.6,2023,test
2023-06-27 07:00:00+00:00,373.3,2023,test
2023-07-03 07:00:00+00:00,348.6,2023,test
2023-07-03 08:00:00+00:00,406.7,2023,test
2023-07-03 09:00:00+00:00,390.8,2023,test
2023-07-03 10:00:00+00:00,407.9,2023,test
2023-07-03 11:00:00+00:00,336.3,2023,test
2023-07-03 12:00:00+00:00,406.6,2023,test
2023-07-03 13:00:00+00:00,393.8,2023,test
2023-07-03 15:00:00+00:00,382.2,2023,test
2023-07-03 16:00:00+00:00,374.1,2023,test
2023-07-03 17:00:00+00:00,346.7,2023,test
2023-07-03 20:00:00+00:00,1046.9,2023,test
2023-07-03 21:00:00+00:00,383.1,2023,test
2023-07-04 07:00:00+00:00,537.8,2023,test
2023-07-04 08:00:00+00:00,490.4,2023,test
2023-07-04 09:00:00+00:00,426.0,2023,test
2023-07-04 10:00:00+00:00,533.6,2023,test
2023-07-04 11:00:00+00:00,409.7,2023,test
2023-07-04 12:00:00+00:00,482.9,2023,test
2023-07-04 13:00:00+00:00,515.6,2023,test
2023-07-04 14:00:00+00:00,428.5,2023,test
2023-07-04 15:00:00+00:00,429.1,2023,test
2023-07-04 16:00:00+00:00,339.6,2023,test
2023-07-04 17:00:00+00:00,472.4,2023,test
2023-07-04 18:00:00+00:00,431.7,2023,test
2023-07-04 20:00:00+00:00,367.6,2023,test
2023-07-04 21:00:00+00:00,424.1,2023,test
2023-07-04 22:00:00+00:00,399.3,2023,test
2023-07-04 23:00:00+00:00,399.4,2023,test
2023-07-05 00:00:00+00:00,398.1,2023,test
2023-07-05 02:00:00+00:00,394.5,2023,test
2023-07-05 03:00:00+00:00,418.3,2023,test
2023-07-05 04:00:00+00:00,401.3,2023,test
2023-07-05 05:00:00+00:00,423.7,2023,test
2023-07-05 06:00:00+00:00,489.5,2023,test
2023-07-05 07:00:00+00:00,494.1,2023,test
2023-07-05 08:00:00+00:00,398.6,2023,test
2023-07-05 09:00:00+00:00,345.2,2023,test
2023-07-05 12:00:00+00:00,468.6,2023,test
2023-07-05 13:00:00+00:00,488.5,2023,test
2023-07-05 14:00:00+00:00,477.2,2023,test
2023-07-05 15:00:00+00:00,484.3,2023,test
2023-07-05 16:00:00+00:00,500.0,2023,test
2023-07-05 17:00:00+00:00,435.5,2023,test
2023-07-05 18:00:00+00:00,441.7,2023,test
2023-07-06 19:00:00+00:00,417.5,2023,test
2023-07-06 20:00:00+00:00,322.6,2023,test
2023-07-06 21:00:00+00:00,413.7,2023,test
2023-07-06 22:00:00+00:00,433.2,2023,test
2023-07-06 23:00:00+00:00,346.2,2023,test
2023-07-07 00:00:00+00:00,377.6,2023,test
2023-07-07 02:00:00+00:00,349.0,2023,test
2023-07-07 03:00:00+00:00,378.1,2023,test
2023-07-07 05:00:00+00:00,449.7,2023,test
2023-07-07 06:00:00+00:00,351.1,2023,test
2023-07-08 14:00:00+00:00,325.9,2023,test
2023-07-11 19:00:00+00:00,323.4,2023,test
2023-07-11 21:00:00+00:00,364.1,2023,test
2023-07-11 23:00:00+00:00,356.5,2023,test
2023-07-12 00:00:00+00:00,353.3,2023,test
2023-07-12 01:00:00+00:00,337.4,2023,test
2023-07-12 03:00:00+00:00,322.5,2023,test
2023-07-12 04:00:00+00:00,384.7,2023,test
2023-07-12 05:00:00+00:00,324.7,2023,test
2023-07-12 06:00:00+00:00,331.9,2023,test
2023-07-12 07:00:00+00:00,368.1,2023,test
2023-07-12 08:00:00+00:00,379.9,2023,test
2023-07-12 11:00:00+00:00,346.2,2023,test
2023-07-12 13:00:00+00:00,392.1,2023,test
2023-07-12 15:00:00+00:00,389.0,2023,test
2023-07-12 16:00:00+00:00,325.5,2023,test
2023-07-12 17:00:00+00:00,420.1,2023,test
2023-07-12 18:00:00+00:00,324.9,2023,test
2023-07-12 20:00:00+00:00,441.0,2023,test
2023-07-12 21:00:00+00:00,355.9,2023,test
2023-07-12 22:00:00+00:00,372.2,2023,test
2023-07-12 23:00:00+00:00,330.6,2023,test
2023-07-13 00:00:00+00:00,409.1,2023,test
2023-07-13 01:00:00+00:00,359.9,2023,test
2023-07-13 02:00:00+00:00,373.8,2023,test
2023-07-13 03:00:00+00:00,382.5,2023,test
2023-07-13 04:00:00+00:00,341.2,2023,test
2023-07-13 05:00:00+00:00,321.5,2023,test
2023-07-13 08:00:00+00:00,426.9,2023,test
2023-07-13 09:00:00+00:00,342.9,2023,test
2023-07-13 10:00:00+00:00,380.2,2023,test
2023-07-13 11:00:00+00:00,361.0,2023,test
2023-07-13 12:00:00+00:00,409.3,2023,test
2023-07-13 13:00:00+00:00,395.0,2023,test
2023-07-13 14:00:00+00:00,421.7,2023,test
2023-07-13 15:00:00+00:00,388.5,2023,test
2023-07-13 16:00:00+00:00,469.3,2023,test
2023-07-13 17:00:00+00:00,458.2,2023,test
2023-07-13 18:00:00+00:00,476.1,2023,test
2023-07-13 19:00:00+00:00,456.9,2023,test
2023-07-13 20:00:00+00:00,343.9,2023,test
2023-07-13 21:00:00+00:00,470.3,2023,test
2023-07-13 22:00:00+00:00,322.1,2023,test
2023-07-13 23:00:00+00:00,322.9,2023,test
2023-07-14 00:00:00+00:00,491.2,2023,test
2023-07-14 01:00:00+00:00,401.9,2023,test
2023-07-14 02:00:00+00:00,466.9,2023,test
2023-07-14 03:00:00+00:00,471.6,2023,test
2023-07-14 04:00:00+00:00,472.9,2023,test
2023-07-14 05:00:00+00:00,504.2,2023,test
2023-07-14 06:00:00+00:00,477.0,2023,test
2023-07-14 19:00:00+00:00,530.9,2023,test
2023-07-14 20:00:00+00:00,537.0,2023,test
2023-07-14 21:00:00+00:00,517.6,2023,test
2023-07-14 22:00:00+00:00,405.3,2023,test
2023-07-14 23:00:00+00:00,540.5,2023,test
2023-07-15 00:00:00+00:00,567.4,2023,test
2023-07-15 01:00:00+00:00,504.0,2023,test
2023-07-15 02:00:00+00:00,343.2,2023,test
2023-07-15 03:00:00+00:00,531.8,2023,test
2023-07-15 04:00:00+00:00,518.5,2023,test
2023-07-15 05:00:00+00:00,331.1,2023,test
2023-07-15 06:00:00+00:00,490.4,2023,test
2023-07-15 14:00:00+00:00,381.0,2023,test
2023-07-15 15:00:00+00:00,464.5,2023,test
2023-07-15 21:00:00+00:00,397.6,2023,test
2023-07-16 03:00:00+00:00,435.7,2023,test
2023-07-16 04:00:00+00:00,368.9,2023,test
2023-07-16 05:00:00+00:00,438.6,2023,test
2023-07-16 07:00:00+00:00,384.6,2023,test
2023-07-16 09:00:00+00:00,358.2,2023,test
2023-07-16 10:00:00+00:00,333.5,2023,test
2023-07-16 11:00:00+00:00,392.3,2023,test
2023-07-16 12:00:00+00:00,355.3,2023,test
2023-07-16 15:00:00+00:00,348.6,2023,test
2023-07-16 16:00:00+00:00,322.0,2023,test
2023-07-16 18:00:00+00:00,341.5,2023,test
2023-07-16 19:00:00+00:00,341.3,2023,test
2023-07-16 20:00:00+00:00,366.0,2023,test
2023-07-16 21:00:00+00:00,353.0,2023,test
2023-07-16 22:00:00+00:00,353.6,2023,test
2023-07-16 23:00:00+00:00,344.1,2023,test
2023-07-17 00:00:00+00:00,366.5,2023,test
2023-07-17 01:00:00+00:00,402.6,2023,test
2023-07-17 02:00:00+00:00,380.7,2023,test
2023-07-17 03:00:00+00:00,383.7,2023,test
2023-07-17 04:00:00+00:00,369.0,2023,test
2023-07-17 05:00:00+00:00,323.1,2023,test
2023-07-17 06:00:00+00:00,350.6,2023,test
2023-07-17 07:00:00+00:00,320.6,2023,test
2023-07-17 09:00:00+00:00,389.7,2023,test
2023-07-17 20:00:00+00:00,350.0,2023,test
2023-07-18 00:00:00+00:00,335.7,2023,test
2023-07-18 03:00:00+00:00,346.3,2023,test
2023-07-18 04:00:00+00:00,320.6,2023,test
2023-07-18 05:00:00+00:00,351.5,2023,test
2023-07-18 06:00:00+00:00,335.9,2023,test
2023-07-18 07:00:00+00:00,347.8,2023,test
2023-07-18 08:00:00+00:00,372.8,2023,test
2023-07-18 09:00:00+00:00,350.7,2023,test
2023-07-18 10:00:00+00:00,388.8,2023,test
2023-07-18 11:00:00+00:00,363.5,2023,test
2023-07-18 12:00:00+00:00,371.0,2023,test
2023-07-18 13:00:00+00:00,340.0,2023,test
2023-07-18 14:00:00+00:00,329.6,2023,test
2023-07-18 15:00:00+00:00,395.5,2023,test
2023-07-18 16:00:00+00:00,394.8,2023,test
2023-07-18 17:00:00+00:00,331.9,2023,test
2023-07-18 18:00:00+00:00,361.4,2023,test
2023-07-18 19:00:00+00:00,332.9,2023,test
2023-07-18 23:00:00+00:00,335.7,2023,test
2023-07-19 06:00:00+00:00,337.3,2023,test
2023-07-20 21:00:00+00:00,337.4,2023,test
2023-08-13 06:00:00+00:00,382.4,2023,test
2023-08-13 07:00:00+00:00,417.6,2023,test
2023-08-13 08:00:00+00:00,322.0,2023,test
2023-08-13 09:00:00+00:00,321.5,2023,test
2023-10-08 06:00:00+00:00,328.2,2023,test
2023-10-08 07:00:00+00:00,330.2,2023,test
2024-05-27 14:00:00+00:00,967.1,2024,test
2024-06-12 00:00:00+00:00,519.2,2024,test
2024-09-24 23:00:00+00:00,331.5,2024,test
