timestamp_utc,turbidity,ph,sp_conductance,do_concentration,do_saturation,water_temperature
2011-04-28 20:00:00+00:00,993.4,7.16,0.12,11.6,103.5,10.32
2012-05-21 16:00:52+00:00,711.7,7.39,0.057,12.49,94.7,3.75
2013-05-10 00:00:51+00:00,342.6,7.64,0.066,13.45,106.0,5.25
2013-05-10 01:00:51+00:00,326.9,7.63,0.064,13.31,105.9,5.63
2013-07-03 05:00:52+00:00,590.5,7.14,0.021,13.4,105.6,5.34
2013-07-09 09:00:52+00:00,390.0,6.05,0.024,13.41,105.0,5.08
2013-09-08 09:00:51+00:00,613.4,7.26,0.017,13.1,105.1,6.15
2013-09-08 10:00:51+00:00,391.4,7.22,0.017,13.08,105.0,6.14
2013-09-08 11:00:52+00:00,835.6,7.27,0.018,13.09,104.9,6.06
2013-09-08 12:00:51+00:00,799.3,7.29,0.019,13.08,104.8,6.08
2013-09-08 13:00:51+00:00,904.9,7.32,0.021,13.03,104.7,6.19
2013-09-08 14:00:51+00:00,1063.5,7.41,0.023,12.98,104.4,6.23
2013-09-08 15:00:51+00:00,1226.1,7.47,0.026,12.95,104.2,6.26
2013-09-08 16:00:52+00:00,1281.8,7.81,0.033,13.01,104.1,6.02
2013-09-08 17:00:51+00:00,1278.3,7.86,0.035,13.14,104.3,5.68
2013-09-08 18:00:51+00:00,1275.8,7.81,0.034,13.24,104.6,5.46
2013-09-08 19:00:51+00:00,1264.1,7.73,0.033,13.28,104.8,5.42
2013-09-08 20:00:52+00:00,1146.1,7.66,0.031,13.3,104.9,5.39
2013-09-08 21:00:51+00:00,1230.1,7.59,0.029,13.34,105.1,5.36
2013-09-08 22:00:51+00:00,724.9,7.52,0.027,13.36,105.3,5.35
2013-09-08 23:00:51+00:00,829.1,7.48,0.026,13.35,105.3,5.4
2013-09-09 00:00:51+00:00,735.5,7.47,0.026,13.39,105.6,5.37
2013-09-09 01:00:51+00:00,893.0,7.45,0.024,13.41,105.7,5.39
2013-09-09 02:00:51+00:00,444.8,7.45,0.024,13.43,105.7,5.34
2013-09-09 03:00:51+00:00,479.9,7.41,0.024,13.42,105.6,5.31
2013-09-09 04:00:51+00:00,428.5,7.41,0.024,13.43,105.6,5.28
2013-09-09 05:00:52+00:00,359.9,7.39,0.024,13.42,105.5,5.25
2013-09-09 06:00:51+00:00,364.2,7.38,0.024,13.44,105.5,5.22
2013-09-09 07:00:52+00:00,462.9,7.37,0.024,13.45,105.5,5.18
2013-09-09 08:00:52+00:00,336.2,7.35,0.023,13.47,105.6,5.13
2013-09-21 19:00:51+00:00,344.0,7.44,0.034,13.26,103.1,4.83
2013-09-21 20:00:51+00:00,302.5,7.45,0.034,13.26,103.2,4.88
2014-08-01 05:00:51+00:00,455.7,7.07,0.023,12.17,101.0,7.31
2014-08-12 14:00:51+00:00,697.3,7.01,0.021,12.39,100.7,6.48
2014-08-12 15:00:51+00:00,1199.2,7.14,0.025,12.38,100.2,6.32
2014-08-12 16:00:51+00:00,1060.2,7.16,0.025,12.41,100.2,6.17
2014-08-12 17:00:51+00:00,1214.2,7.22,0.028,12.44,100.0,6.02
2014-08-12 18:00:51+00:00,1069.8,7.3,0.03,12.5,100.2,5.9
2014-08-12 19:00:51+00:00,1216.5,7.33,0.03,12.52,100.4,5.93
2014-08-12 20:00:51+00:00,1207.8,7.34,0.031,12.51,100.3,5.95
2014-08-12 21:00:52+00:00,1178.7,7.31,0.03,12.48,100.6,6.12
2014-08-12 22:00:52+00:00,768.2,7.28,0.029,12.45,100.7,6.29
2014-08-12 23:00:51+00:00,939.8,7.26,0.028,12.42,100.9,6.46
2014-08-13 00:00:51+00:00,711.2,7.24,0.028,12.4,100.9,6.5
2014-08-13 01:00:51+00:00,658.8,7.24,0.027,12.36,100.9,6.65
2014-08-13 02:00:52+00:00,448.7,7.23,0.027,12.37,100.6,6.47
2014-08-13 03:00:52+00:00,786.9,7.2,0.027,12.38,100.5,6.4
2014-08-13 04:00:51+00:00,396.0,7.17,0.026,12.42,100.4,6.25
2014-08-13 05:00:51+00:00,468.0,7.15,0.026,12.44,100.2,6.1
2014-08-13 08:00:51+00:00,510.6,7.15,0.026,12.56,99.9,5.61
2014-08-13 09:00:51+00:00,307.6,7.12,0.026,12.6,99.8,5.46
2014-09-22 11:00:52+00:00,358.9,7.29,0.032,,,5.63
2014-09-22 12:00:51+00:00,312.4,7.32,0.034,,,5.5
2014-09-22 13:00:52+00:00,315.1,7.39,0.036,,,5.36
2014-09-22 14:00:52+00:00,351.9,7.36,0.035,,,5.23
2014-09-22 15:00:52+00:00,430.6,7.33,0.035,,,5.13
2014-09-22 17:00:52+00:00,363.5,7.31,0.035,,,4.99
2014-10-04 16:00:51+00:00,470.1,7.32,0.033,,,5.4
2014-10-04 17:00:51+00:00,427.5,7.35,0.034,,,5.33
2014-10-04 18:00:51+00:00,350.8,7.36,0.034,,,5.25
2014-10-04 19:00:52+00:00,440.8,7.36,0.035,,,5.18
2014-10-04 20:00:52+00:00,333.4,7.36,0.036,,,5.2
2014-10-04 21:00:51+00:00,356.6,7.37,0.037,,,5.23
2014-10-04 22:00:52+00:00,347.1,7.4,0.037,,,5.17
2014-10-04 23:00:51+00:00,529.4,7.38,0.038,,,5.06
2014-10-05 01:00:52+00:00,432.1,7.38,0.038,,,4.94
2014-10-05 02:00:51+00:00,312.3,7.38,0.038,,,4.9
2014-10-05 04:00:52+00:00,326.1,7.37,0.039,,,4.73
2014-10-05 06:00:51+00:00,334.2,7.36,0.04,,,4.59
2014-10-05 08:00:52+00:00,326.3,7.36,0.041,,,4.54
2014-10-05 18:00:52+00:00,312.3,7.36,0.042,,,4.57
2014-10-10 21:00:52+00:00,346.2,7.31,0.034,,,4.6
2014-10-10 22:00:51+00:00,875.2,7.39,0.037,,,4.59
2014-10-10 23:00:51+00:00,558.7,7.4,0.037,,,4.64
2014-10-11 00:00:52+00:00,580.5,7.39,0.037,,,4.66
2014-10-11 01:00:52+00:00,419.0,7.39,0.037,,,4.64
2014-10-11 02:00:51+00:00,466.9,7.39,0.039,,,4.62
2014-10-11 03:00:52+00:00,519.7,7.37,0.039,,,4.6
2014-10-11 04:00:51+00:00,594.7,7.38,0.039,,,4.59
2014-10-11 05:00:52+00:00,418.2,7.36,0.039,,,4.57
2014-10-11 06:00:52+00:00,431.0,7.36,0.038,,,4.57
2015-08-18 14:00:50+00:00,313.4,7.23,0.019,11.67,98.6,8.02
2015-08-18 17:00:51+00:00,309.7,7.27,0.019,11.71,98.3,7.76
2015-08-18 18:00:51+00:00,348.5,7.25,0.02,11.73,98.3,7.7
2015-08-18 21:00:50+00:00,459.2,7.39,0.022,11.72,98.8,7.93
2015-08-18 22:00:50+00:00,382.4,7.27,0.021,11.68,98.6,7.98
2015-08-18 23:00:50+00:00,436.4,7.34,0.022,11.68,98.4,7.92
2015-08-19 00:00:51+00:00,485.1,7.36,0.023,11.74,98.3,7.66
2015-08-19 01:00:50+00:00,621.8,7.4,0.024,11.83,98.2,7.33
2015-08-19 02:00:51+00:00,446.7,7.38,0.025,11.91,98.1,6.97
2015-08-19 03:00:51+00:00,369.4,7.4,0.026,11.99,98.1,6.7
2015-08-19 05:00:51+00:00,423.2,7.37,0.026,12.09,97.9,6.33
2015-08-19 06:00:50+00:00,320.2,7.37,0.026,12.13,97.8,6.14
2015-08-19 08:00:51+00:00,322.6,7.36,0.026,12.21,97.7,5.85
2015-08-22 18:00:51+00:00,1141.7,7.29,0.027,12.15,96.7,5.61
2015-09-11 07:00:51+00:00,1118.6,8.82,0.043,11.93,96.9,6.45
2015-09-11 08:00:51+00:00,924.8,8.57,0.04,11.88,97.1,6.7
2015-09-11 09:00:51+00:00,1181.3,8.09,0.039,11.88,97.2,6.74
2015-09-11 10:00:51+00:00,1199.8,8.06,0.041,11.9,97.1,6.6
2015-09-11 11:00:51+00:00,1205.9,8.21,0.045,11.94,96.9,6.42
2015-09-11 12:00:51+00:00,1202.6,8.12,0.045,12.02,97.0,6.19
2015-09-11 13:00:51+00:00,1197.5,8.01,0.045,12.09,97.1,5.97
2015-09-11 14:00:51+00:00,1200.3,7.89,0.044,12.14,97.1,5.81
2015-09-11 15:00:51+00:00,1081.6,7.77,0.043,12.18,97.0,5.67
2015-09-11 16:00:51+00:00,1195.6,7.76,0.042,12.22,97.1,5.59
2015-09-11 17:00:51+00:00,946.3,7.73,0.041,12.24,97.1,5.54
2015-09-11 18:00:51+00:00,1019.7,7.67,0.041,12.28,97.3,5.48
2015-09-11 19:00:51+00:00,804.3,7.66,0.041,12.29,97.4,5.46
2015-09-11 20:00:51+00:00,638.5,7.64,0.041,12.32,97.5,5.41
2015-09-11 21:00:51+00:00,607.3,7.7,0.042,12.35,97.7,5.39
2015-09-11 22:00:51+00:00,1004.6,7.67,0.042,12.33,97.9,5.54
2015-09-11 23:00:51+00:00,784.3,7.68,0.041,12.28,98.2,5.85
2015-09-12 00:00:51+00:00,638.9,7.66,0.042,12.25,98.0,5.85
2015-09-12 01:00:51+00:00,434.1,7.68,0.041,12.24,97.9,5.82
2015-09-12 02:00:51+00:00,525.5,7.66,0.041,12.23,97.7,5.79
2015-09-12 03:00:51+00:00,406.7,7.65,0.041,12.25,97.6,5.67
2015-09-12 04:00:51+00:00,379.7,7.62,0.04,12.27,97.5,5.56
2015-09-12 06:00:51+00:00,512.2,7.59,0.039,12.34,97.6,5.38
2015-09-12 08:00:51+00:00,322.0,7.57,0.038,12.37,97.6,5.31
2015-09-12 09:00:52+00:00,341.6,7.55,0.038,12.37,97.5,5.25
2015-09-12 11:00:51+00:00,379.5,7.55,0.039,12.42,97.4,5.05
2015-09-12 18:00:51+00:00,515.6,7.56,0.04,12.42,97.3,5.02
2015-09-13 01:00:51+00:00,329.2,7.58,0.04,12.16,97.8,6.07
2015-09-30 02:00:51+00:00,379.5,7.61,0.037,11.74,97.0,7.11
2015-09-30 04:00:51+00:00,527.5,7.64,0.037,11.84,96.9,6.76
2015-09-30 05:00:51+00:00,510.3,7.67,0.039,11.88,96.9,6.59
2015-09-30 06:00:51+00:00,863.0,7.76,0.041,11.95,96.8,6.33
2015-09-30 07:00:51+00:00,997.7,7.82,0.042,12.0,96.8,6.15
2015-09-30 08:00:51+00:00,945.3,7.81,0.042,12.04,96.9,6.08
2015-09-30 09:00:51+00:00,1174.5,7.82,0.042,12.07,97.0,6.03
2015-09-30 10:00:51+00:00,1194.8,7.85,0.043,12.1,96.9,5.87
2015-09-30 11:00:51+00:00,1195.1,7.82,0.043,12.13,96.6,5.64
2015-09-30 12:00:51+00:00,1191.8,7.8,0.044,12.2,96.4,5.38
2015-09-30 13:00:51+00:00,1193.5,7.78,0.045,12.26,96.3,5.12
2015-09-30 14:00:51+00:00,907.4,7.78,0.045,12.36,96.5,4.88
2015-09-30 15:00:51+00:00,1026.4,7.74,0.045,12.44,96.5,4.64
2015-09-30 16:00:51+00:00,1123.6,7.73,0.046,12.49,96.4,4.45
2015-09-30 17:00:51+00:00,1029.4,7.72,0.046,12.56,96.5,4.28
2015-09-30 18:00:51+00:00,876.5,7.73,0.047,12.59,96.6,4.22
2015-09-30 19:00:51+00:00,993.8,7.72,0.047,12.59,96.6,4.22
2015-09-30 20:00:51+00:00,886.6,7.73,0.047,12.58,96.8,4.3
2015-09-30 21:00:51+00:00,701.4,7.73,0.048,12.56,96.8,4.39
2015-09-30 22:00:51+00:00,838.4,7.71,0.048,12.53,96.9,4.5
2015-09-30 23:00:51+00:00,761.4,7.73,0.048,12.53,96.9,4.53
2015-10-01 00:00:51+00:00,628.7,7.71,0.048,12.51,96.8,4.55
2015-10-01 01:00:51+00:00,732.2,7.7,0.049,12.49,96.8,4.63
2015-10-01 02:00:51+00:00,477.9,7.69,0.049,12.48,96.8,4.61
2015-10-01 03:00:51+00:00,535.2,7.68,0.049,12.48,96.6,4.55
2015-10-01 04:00:51+00:00,525.7,7.68,0.049,12.49,96.5,4.49
2015-10-01 05:00:51+00:00,543.7,7.68,0.049,12.51,96.4,4.41
2015-10-01 06:00:51+00:00,704.1,7.66,0.049,12.54,96.4,4.3
2015-10-01 07:00:51+00:00,459.2,7.65,0.049,12.58,96.5,4.22
2015-10-01 08:00:51+00:00,391.1,7.65,0.049,12.62,96.7,4.16
2015-10-01 09:00:51+00:00,373.7,7.65,0.05,12.62,96.6,4.13
2015-10-01 10:00:51+00:00,354.9,7.64,0.05,12.63,96.6,4.12
2015-10-01 11:00:51+00:00,337.4,7.65,0.05,12.64,96.7,4.1
2015-10-01 12:00:52+00:00,378.8,7.62,0.05,12.65,96.8,4.1
2015-10-01 15:00:51+00:00,417.2,7.65,0.051,12.65,96.8,4.12
2015-10-02 01:00:51+00:00,377.2,7.64,0.051,12.65,97.9,4.57
2015-10-02 02:00:51+00:00,348.5,7.65,0.052,12.65,97.8,4.54
2015-10-04 02:00:50+00:00,319.8,7.69,0.058,12.57,97.1,4.47
2015-10-10 07:00:51+00:00,469.3,7.66,0.047,12.07,94.0,4.79
2015-10-10 10:00:51+00:00,315.9,7.67,0.047,12.16,94.4,4.67
2015-10-10 13:00:51+00:00,342.9,7.62,0.044,12.19,94.9,4.77
2015-10-10 17:00:51+00:00,303.2,7.62,0.044,12.23,95.1,4.74
2015-10-10 19:00:51+00:00,383.3,7.61,0.044,12.26,95.1,4.65
2015-10-10 20:00:51+00:00,386.1,7.6,0.045,12.27,95.2,4.63
2015-10-17 20:00:51+00:00,328.6,7.55,0.044,12.31,96.4,5.0
2015-10-17 21:00:51+00:00,404.7,7.55,0.043,12.29,96.4,5.05
2015-10-17 22:00:51+00:00,368.1,7.55,0.042,12.3,96.4,5.03
2015-10-17 23:00:51+00:00,369.0,7.55,0.042,12.31,96.4,5.03
2015-10-18 00:00:51+00:00,306.0,7.54,0.041,12.31,96.6,5.07
2015-10-18 02:00:51+00:00,372.3,7.57,0.039,12.3,96.7,5.17
2015-10-18 04:00:51+00:00,328.1,7.55,0.039,12.32,96.7,5.09
2015-10-18 05:00:51+00:00,480.3,7.53,0.04,12.34,96.7,5.01
2016-04-13 05:00:51+00:00,1056.5,7.58,0.068,12.11,103.5,5.33
2016-07-24 02:00:53+00:00,489.5,7.24,0.021,12.54,101.1,6.12
2016-07-24 03:00:53+00:00,471.8,7.26,0.022,12.52,101.0,6.17
2016-07-24 04:00:53+00:00,456.6,7.27,0.023,12.53,100.8,6.05
2016-07-24 05:00:53+00:00,507.8,7.28,0.023,12.55,100.6,5.93
2016-07-24 06:00:53+00:00,379.8,7.3,0.024,12.61,100.7,5.78
2016-07-24 09:00:53+00:00,354.3,7.24,0.023,12.69,100.5,5.46
2016-07-28 21:00:53+00:00,341.1,7.23,0.022,12.71,103.1,6.39
2016-08-12 19:00:53+00:00,372.2,7.16,0.022,12.76,102.5,6.01
2016-08-15 13:00:53+00:00,365.3,7.2,0.024,12.75,101.4,5.6
2016-08-26 17:00:53+00:00,360.4,7.33,0.027,12.56,101.5,6.24
2016-09-13 13:00:53+00:00,643.8,7.55,0.036,12.31,101.4,7.01
2016-09-13 14:00:53+00:00,1035.0,8.32,0.049,12.25,101.2,7.14
2016-09-13 15:00:53+00:00,645.6,8.22,0.046,12.25,101.0,7.05
2016-09-13 16:00:53+00:00,519.9,7.84,0.043,12.26,101.0,6.98
2016-09-13 17:00:53+00:00,407.3,7.62,0.041,12.31,101.2,6.91
2016-09-13 18:00:53+00:00,487.2,7.51,0.038,12.31,101.4,6.99
2016-09-13 19:00:53+00:00,680.1,7.79,0.045,12.27,101.2,7.04
2016-09-13 20:00:53+00:00,532.9,7.97,0.047,12.28,101.4,7.06
2016-09-13 21:00:53+00:00,389.1,7.79,0.045,12.29,101.4,7.05
2016-09-13 22:00:53+00:00,372.6,7.65,0.044,12.31,101.2,6.93
2016-09-14 00:00:53+00:00,327.8,7.51,0.042,12.37,101.2,6.71
2016-09-14 02:00:53+00:00,425.9,7.49,0.043,12.43,101.0,6.45
2016-09-14 03:00:53+00:00,307.1,7.48,0.043,12.46,100.9,6.31
2016-09-14 05:00:53+00:00,335.6,7.47,0.043,12.52,100.8,6.09
2016-09-14 06:00:53+00:00,372.2,7.46,0.043,12.56,100.8,5.97
2016-09-14 08:00:53+00:00,388.9,7.44,0.043,12.6,100.7,5.79
2016-09-14 09:00:53+00:00,363.0,7.43,0.043,12.62,100.7,5.71
2016-09-14 16:00:53+00:00,319.3,7.44,0.044,12.66,100.6,5.56
2017-05-22 08:52:53+00:00,326.6,7.41,0.035,13.66,105.5,4.48
2017-05-22 14:52:54+00:00,368.0,7.4,0.035,13.91,105.7,3.85
2017-05-22 15:52:54+00:00,434.8,7.41,0.036,13.94,105.7,3.77
2017-05-22 16:52:53+00:00,506.7,7.42,0.037,13.96,105.7,3.71
2017-05-22 17:52:54+00:00,425.3,7.43,0.037,13.97,105.8,3.7
2017-05-22 18:52:54+00:00,546.2,7.43,0.037,13.96,105.7,3.72
2017-05-22 19:52:54+00:00,524.1,7.45,0.038,13.94,105.8,3.82
2017-05-22 20:52:54+00:00,710.9,7.44,0.038,13.89,105.9,3.98
2017-05-22 21:52:53+00:00,461.3,7.46,0.038,13.84,106.1,4.18
2017-05-22 22:52:53+00:00,402.2,7.46,0.038,13.8,105.8,4.2
2017-05-22 23:52:54+00:00,403.3,7.46,0.038,13.78,105.8,4.23
2017-05-23 00:52:54+00:00,446.9,7.46,0.038,13.73,105.6,4.32
2017-05-23 01:52:53+00:00,506.5,7.46,0.039,13.68,105.5,4.42
2017-05-23 02:52:53+00:00,324.4,7.46,0.039,13.67,105.4,4.41
2017-05-23 03:52:53+00:00,449.9,7.46,0.039,13.68,105.2,4.31
2017-05-23 04:52:53+00:00,433.6,7.45,0.039,13.7,105.1,4.22
2017-05-23 08:52:54+00:00,303.7,7.44,0.04,13.83,104.7,3.7
2017-06-09 02:52:53+00:00,314.0,7.47,0.032,12.55,104.8,7.53
2017-06-09 11:52:53+00:00,313.5,7.39,0.031,13.43,104.8,4.87
2017-06-09 15:52:53+00:00,417.4,7.4,0.032,13.58,104.9,4.47
2017-06-09 19:52:54+00:00,332.3,7.45,0.033,13.42,105.7,5.23
2017-07-30 16:52:54+00:00,604.8,7.41,0.031,13.54,105.8,4.91
2017-07-30 17:52:54+00:00,1045.9,7.5,0.034,13.56,106.0,4.92
2017-07-30 18:52:54+00:00,981.8,7.53,0.036,13.56,106.4,5.08
2017-07-30 19:52:54+00:00,915.6,7.54,0.036,13.53,106.5,5.18
2017-07-30 20:52:53+00:00,708.9,7.54,0.035,13.47,106.5,5.39
2017-07-30 21:52:54+00:00,668.3,7.58,0.034,13.37,106.6,5.72
2017-07-30 22:52:54+00:00,534.2,7.51,0.033,13.26,106.8,6.1
2017-07-30 23:52:53+00:00,416.3,7.51,0.032,13.17,106.8,6.38
2017-07-31 00:52:53+00:00,464.5,7.48,0.032,13.09,106.8,6.62
2017-07-31 01:52:53+00:00,398.1,7.44,0.031,13.02,106.6,6.77
2017-07-31 02:52:53+00:00,416.6,7.46,0.03,12.99,106.5,6.8
2017-07-31 03:52:53+00:00,417.4,7.44,0.03,13.0,106.3,6.71
2017-07-31 04:52:53+00:00,330.2,7.46,0.03,13.04,106.0,6.48
2017-08-31 01:52:54+00:00,523.2,7.53,0.034,12.98,105.2,6.33
2017-08-31 02:52:53+00:00,637.2,7.64,0.037,13.06,105.1,6.07
2017-08-31 03:52:53+00:00,342.5,7.55,0.034,13.15,105.2,5.84
2017-08-31 04:52:53+00:00,341.4,7.49,0.032,13.23,105.3,5.65
2017-08-31 05:52:54+00:00,332.7,7.45,0.032,13.26,105.2,5.51
2017-08-31 06:52:53+00:00,317.5,7.44,0.032,13.31,105.2,5.36
2017-08-31 07:52:53+00:00,405.5,7.44,0.032,13.37,105.3,5.21
2017-08-31 08:52:54+00:00,397.9,7.41,0.032,13.4,105.2,5.11
2017-09-07 02:52:54+00:00,303.8,7.28,0.025,13.12,105.9,6.2
2017-09-07 03:52:54+00:00,309.2,7.29,0.025,13.12,105.7,6.11
2017-09-07 04:52:53+00:00,345.9,7.26,0.025,13.18,105.7,5.93
2017-09-07 05:52:54+00:00,312.5,7.28,0.026,13.24,105.6,5.7
2017-09-07 06:52:54+00:00,452.0,7.25,0.026,13.29,105.4,5.52
2017-09-07 08:52:54+00:00,314.8,7.24,0.025,13.25,105.5,5.65
2017-09-07 09:52:54+00:00,364.1,7.25,0.025,13.23,105.6,5.75
2017-09-07 10:52:53+00:00,607.9,7.27,0.026,13.2,105.4,5.78
2017-09-07 11:52:53+00:00,583.0,7.3,0.028,13.17,105.2,5.77
2017-09-07 12:52:54+00:00,842.4,7.44,0.031,13.16,105.0,5.74
2017-09-07 13:52:54+00:00,534.3,7.53,0.032,13.16,104.9,5.69
2017-09-07 14:52:54+00:00,602.0,7.46,0.032,13.18,104.8,5.58
2017-09-07 15:52:53+00:00,559.2,7.37,0.031,13.29,105.3,5.45
2017-09-07 16:52:53+00:00,639.7,7.34,0.03,13.3,105.4,5.45
2017-09-07 17:52:53+00:00,450.3,7.34,0.03,13.32,105.5,5.45
2017-09-07 18:52:54+00:00,344.2,7.34,0.03,13.36,105.7,5.4
2017-09-07 19:52:54+00:00,488.6,7.35,0.031,13.35,105.7,5.41
2017-09-07 20:52:54+00:00,576.1,7.34,0.031,13.35,105.7,5.43
2017-09-07 22:52:53+00:00,326.8,7.34,0.031,13.3,105.7,5.6
2017-09-07 23:52:54+00:00,332.7,7.34,0.031,13.28,105.7,5.64
2018-05-07 09:00:53+00:00,365.4,7.31,0.049,,,3.4
2018-05-07 10:00:53+00:00,451.4,7.31,0.049,,,3.09
2018-07-11 11:00:54+00:00,371.7,7.0,0.025,12.65,100.6,5.58
2018-08-08 10:00:54+00:00,323.1,6.79,0.021,12.39,99.3,5.92
2018-08-08 20:00:54+00:00,301.7,6.83,0.021,12.53,99.4,5.51
2018-08-08 21:00:54+00:00,321.9,6.84,0.021,12.5,99.5,5.62
2018-08-08 22:00:54+00:00,321.4,6.85,0.021,12.48,99.6,5.74
2018-08-09 07:00:54+00:00,352.8,6.85,0.022,12.48,99.1,5.57
2018-08-09 08:00:54+00:00,308.1,6.79,0.022,12.5,99.0,5.47
2018-08-09 09:00:54+00:00,328.0,6.85,0.022,12.51,98.9,5.4
2018-08-09 13:00:54+00:00,360.2,6.88,0.024,12.46,98.6,5.42
2018-08-09 14:00:54+00:00,431.1,6.82,0.023,12.46,98.7,5.44
2018-08-09 15:00:54+00:00,432.0,6.8,0.023,12.43,98.6,5.49
2018-08-09 16:00:54+00:00,499.0,6.77,0.023,12.35,98.4,5.68
2018-08-09 17:00:54+00:00,803.4,6.86,0.025,12.3,98.2,5.77
2018-08-09 18:00:54+00:00,549.3,6.81,0.025,12.26,98.0,5.79
2018-08-09 19:00:54+00:00,642.9,7.0,0.028,12.24,98.0,5.85
2018-08-09 20:00:54+00:00,594.7,7.35,0.033,12.22,98.1,5.95
2018-08-09 21:00:54+00:00,565.3,7.21,0.032,12.18,98.0,6.06
2018-08-09 22:00:54+00:00,393.1,7.12,0.03,12.18,98.2,6.15
2018-08-09 23:00:54+00:00,359.8,7.02,0.029,12.18,98.4,6.2
2018-08-10 00:00:54+00:00,356.7,6.97,0.028,12.18,98.4,6.22
2018-08-10 02:00:54+00:00,351.1,6.92,0.027,12.2,98.8,6.32
2018-08-10 08:00:54+00:00,476.0,7.0,0.03,12.31,98.9,5.99
2018-08-10 09:00:54+00:00,348.3,7.09,0.031,12.33,98.9,5.95
2018-08-10 10:00:54+00:00,328.4,7.05,0.03,12.36,99.0,5.87
2018-08-10 11:00:54+00:00,342.1,6.99,0.03,12.41,99.0,5.75
2018-10-14 21:00:54+00:00,584.7,7.14,0.034,12.41,98.8,5.64
2018-10-14 22:00:54+00:00,539.6,7.14,0.034,12.4,98.7,5.62
2018-10-14 23:00:54+00:00,465.5,7.15,0.034,12.4,98.7,5.66
2018-10-15 00:00:54+00:00,402.8,7.15,0.034,12.35,98.5,5.72
2018-10-15 01:00:54+00:00,410.7,7.15,0.035,12.34,98.6,5.77
2018-10-15 03:00:54+00:00,306.2,7.12,0.034,12.34,98.6,5.79
2018-10-15 07:00:54+00:00,310.3,7.03,0.031,12.37,99.0,5.87
2018-10-15 08:00:55+00:00,375.7,7.05,0.031,12.38,99.1,5.88
2018-10-15 09:00:54+00:00,425.3,7.01,0.031,12.38,99.2,5.9
2018-10-15 10:00:54+00:00,333.9,7.02,0.031,12.37,99.2,5.91
2018-10-15 11:00:54+00:00,341.0,7.02,0.031,12.38,99.1,5.87
2018-10-15 12:00:54+00:00,504.4,7.03,0.032,12.39,99.1,5.81
2018-10-15 13:00:54+00:00,585.9,7.04,0.033,12.41,99.0,5.72
2018-10-15 14:00:54+00:00,413.2,7.05,0.034,12.45,99.0,5.61
2018-10-15 15:00:55+00:00,464.7,7.08,0.035,12.47,99.1,5.56
2018-10-15 16:00:55+00:00,519.3,7.1,0.035,12.48,99.1,5.54
2018-10-15 17:00:55+00:00,344.1,7.11,0.036,12.47,99.0,5.54
2018-10-15 18:00:54+00:00,398.3,7.12,0.037,12.45,98.9,5.53
2018-10-16 00:00:54+00:00,443.9,7.13,0.037,12.4,99.0,5.76
2018-10-16 01:00:55+00:00,314.6,7.13,0.037,12.38,99.0,5.81
2018-10-16 05:00:54+00:00,307.8,7.17,0.041,12.42,98.4,5.48
2018-10-16 06:00:55+00:00,349.9,7.2,0.042,12.42,98.2,5.39
2018-10-16 08:00:54+00:00,396.7,7.21,0.043,12.48,98.1,5.15
2018-10-16 09:00:55+00:00,352.6,7.22,0.044,12.5,97.9,5.01
2018-10-16 11:00:55+00:00,510.4,7.25,0.046,12.56,97.6,4.71
2018-10-16 12:00:55+00:00,331.7,7.25,0.046,12.58,97.5,4.59
2018-10-16 13:00:54+00:00,355.8,7.24,0.046,12.6,97.3,4.48
2018-10-16 14:00:55+00:00,327.0,7.25,0.047,12.61,97.2,4.39
2018-10-16 15:00:55+00:00,322.9,7.24,0.047,12.64,97.3,4.32
2019-06-30 09:00:53+00:00,339.4,7.16,0.023,12.55,102.1,6.49
2019-08-07 09:00:52+00:00,345.0,6.93,0.019,12.72,103.0,6.33
2019-09-14 07:00:54+00:00,445.7,7.21,0.03,12.8,101.2,5.37
2019-09-14 08:00:54+00:00,340.6,7.19,0.031,12.87,101.2,5.15
2019-09-19 12:00:54+00:00,320.9,7.07,0.026,12.57,101.9,6.37
2019-09-19 13:00:54+00:00,300.9,7.07,0.027,12.59,101.9,6.28
2019-09-19 14:00:54+00:00,460.9,7.1,0.028,12.63,101.9,6.2
2019-09-19 15:00:54+00:00,648.3,7.13,0.03,12.68,101.9,6.02
2019-09-19 16:00:54+00:00,720.5,7.37,0.036,12.77,101.9,5.74
2019-09-19 17:00:54+00:00,583.8,7.35,0.036,12.79,101.9,5.65
2019-09-19 18:00:54+00:00,472.2,7.28,0.034,12.83,101.9,5.54
2019-09-19 19:00:54+00:00,358.9,7.26,0.034,12.86,102.0,5.51
2019-09-21 04:00:54+00:00,300.9,7.2,0.031,12.59,101.1,5.97
2019-09-21 05:00:54+00:00,316.1,7.14,0.03,12.62,101.1,5.9
2019-09-21 06:00:54+00:00,389.7,7.12,0.03,12.59,101.1,6.01
2019-09-21 07:00:54+00:00,1302.6,8.8,0.048,12.51,100.8,6.14
2019-09-21 08:00:54+00:00,795.6,7.8,0.04,12.53,101.0,6.13
2019-09-21 09:00:54+00:00,827.5,7.48,0.038,12.5,100.9,6.18
2019-09-21 10:00:54+00:00,1299.1,7.45,0.038,12.5,101.0,6.23
2019-09-21 11:00:54+00:00,1241.6,7.44,0.039,12.49,100.9,6.22
2019-09-21 12:00:54+00:00,1256.5,7.36,0.038,12.49,100.7,6.16
2019-09-21 13:00:54+00:00,1043.8,7.32,0.037,12.49,100.6,6.09
2019-09-21 14:00:54+00:00,842.3,7.29,0.037,12.54,100.5,5.93
2019-09-21 15:00:54+00:00,918.8,7.25,0.036,12.6,100.6,5.75
2019-09-21 16:00:54+00:00,569.6,7.27,0.036,12.65,100.5,5.57
2019-09-21 17:00:54+00:00,592.2,7.23,0.036,12.71,100.7,5.47
2019-09-21 18:00:54+00:00,543.5,7.23,0.036,12.72,100.7,5.44
2019-09-21 19:00:54+00:00,404.1,7.24,0.036,12.73,100.8,5.44
2019-09-21 20:00:54+00:00,559.3,7.21,0.036,12.7,100.7,5.49
2019-09-21 21:00:54+00:00,318.8,7.21,0.036,12.68,100.7,5.55
2019-09-21 22:00:54+00:00,377.4,7.21,0.036,12.67,100.8,5.61
2019-09-21 23:00:54+00:00,407.5,7.24,0.037,12.66,100.9,5.7
2019-09-22 00:00:54+00:00,333.3,7.22,0.037,12.63,100.8,5.74
2019-09-22 01:00:54+00:00,414.4,7.26,0.038,12.62,100.9,5.81
2019-09-22 02:00:54+00:00,404.7,7.26,0.038,12.63,100.9,5.75
2019-09-22 03:00:54+00:00,454.1,7.27,0.038,12.65,100.7,5.65
2019-09-22 04:00:54+00:00,447.0,7.26,0.037,12.67,100.6,5.54
2019-09-22 06:00:54+00:00,420.1,7.23,0.037,12.74,100.5,5.29
2019-11-22 03:00:54+00:00,564.8,7.43,0.051,13.18,100.0,3.79
2019-11-22 04:00:54+00:00,462.2,7.41,0.051,13.18,99.8,3.74
2019-11-22 05:00:54+00:00,316.9,7.42,0.05,13.17,99.7,3.72
2020-06-13 23:00:54+00:00,321.3,7.29,0.039,12.54,104.4,7.44
2020-08-10 14:00:55+00:00,312.1,6.91,0.026,13.01,103.5,5.6
2020-10-03 10:00:54+00:00,319.2,7.22,0.04,12.98,103.1,5.53
2020-10-03 12:00:54+00:00,345.2,7.26,0.042,13.03,103.0,5.34
2021-08-13 05:00:00+00:00,308.5,7.06,0.016,12.41,102.4,7.07
2021-08-13 09:00:00+00:00,353.6,7.07,0.016,12.51,102.1,6.61
2021-08-13 14:00:00+00:00,361.3,7.05,0.014,12.59,101.9,6.29
2021-08-13 15:00:00+00:00,300.3,7.04,0.014,12.57,101.8,6.31
2021-08-13 16:00:00+00:00,367.4,7.04,0.014,12.55,101.6,6.33
2021-08-13 18:00:00+00:00,388.9,7.01,0.014,12.46,101.2,6.41
2021-08-13 19:00:00+00:00,533.4,7.07,0.015,12.41,101.0,6.51
2021-08-13 20:00:00+00:00,705.0,7.08,0.015,12.37,101.0,6.64
2021-08-13 21:00:00+00:00,835.9,7.15,0.017,12.3,100.9,6.84
2021-08-13 22:00:00+00:00,825.0,7.12,0.016,12.25,100.7,6.91
2021-08-13 23:00:00+00:00,775.9,7.11,0.016,12.23,100.6,6.96
2021-08-14 00:00:00+00:00,707.7,7.11,0.016,12.24,100.6,6.92
2021-08-14 01:00:00+00:00,569.5,7.13,0.015,12.3,101.0,6.88
2021-08-14 02:00:00+00:00,610.3,7.16,0.016,12.34,100.9,6.72
2021-08-14 03:00:00+00:00,580.5,7.18,0.016,12.4,101.0,6.55
2021-08-14 04:00:00+00:00,500.0,7.18,0.016,12.47,101.2,6.4
2021-08-14 05:00:00+00:00,400.9,7.2,0.015,12.52,101.2,6.25
2021-08-14 06:00:00+00:00,325.5,7.19,0.016,12.59,101.4,6.1
2021-08-14 07:00:00+00:00,374.1,7.2,0.016,12.64,101.5,5.99
2021-08-14 08:00:00+00:00,452.9,7.19,0.016,12.69,101.6,5.87
2021-08-14 09:00:00+00:00,301.9,7.17,0.016,12.76,101.8,5.7
2021-08-14 10:00:00+00:00,395.0,7.15,0.015,12.81,101.8,5.57
2021-09-07 17:00:00+00:00,526.3,7.21,0.032,12.82,99.9,4.8
2021-10-10 16:00:00+00:00,402.2,7.5,0.059,12.95,100.0,4.45
2022-08-17 21:00:00+00:00,402.9,7.32,0.025,12.45,103.3,7.3
2022-08-17 22:00:00+00:00,523.3,7.42,0.029,12.42,103.0,7.26
2022-08-17 23:00:00+00:00,715.3,7.59,0.033,12.49,103.1,7.08
2022-08-18 00:00:00+00:00,645.1,7.54,0.033,12.54,103.2,6.95
2022-08-18 01:00:00+00:00,539.9,7.48,0.033,12.55,103.1,6.87
2022-08-18 02:00:00+00:00,486.9,7.44,0.032,12.59,103.2,6.79
2022-08-18 03:00:00+00:00,390.2,7.43,0.031,12.64,103.2,6.66
2022-08-18 04:00:00+00:00,379.9,7.39,0.031,12.68,103.2,6.52
2022-08-18 05:00:00+00:00,313.1,7.36,0.031,12.73,103.1,6.34
2022-08-18 06:00:00+00:00,324.6,7.33,0.03,12.78,103.1,6.17
2022-09-10 08:00:00+00:00,369.5,7.5,0.037,13.01,103.7,5.68
2022-09-26 20:00:00+00:00,435.0,7.31,0.029,12.36,102.7,7.36
2022-09-26 21:00:00+00:00,598.6,7.36,0.031,12.31,102.5,7.45
2022-09-26 22:00:00+00:00,963.7,7.48,0.035,12.27,102.0,7.38
2022-09-26 23:00:00+00:00,1081.2,7.57,0.038,12.3,101.9,7.25
2022-09-27 00:00:00+00:00,1259.7,7.69,0.043,12.33,101.7,7.05
2022-09-27 01:00:00+00:00,1229.2,7.7,0.044,12.36,101.6,6.9
2022-09-27 02:00:00+00:00,1200.7,7.63,0.044,12.41,101.4,6.67
2022-09-27 03:00:00+00:00,1181.9,7.59,0.043,12.47,101.5,6.52
2022-09-27 04:00:00+00:00,1129.4,7.55,0.043,12.51,101.5,6.4
2022-09-27 05:00:00+00:00,994.2,7.51,0.041,12.56,101.7,6.28
2022-09-27 06:00:00+00:00,940.7,7.5,0.041,12.64,101.8,6.11
2022-09-27 07:00:00+00:00,831.3,7.49,0.041,12.7,101.9,5.96
2022-09-27 08:00:00+00:00,763.4,7.47,0.04,12.75,102.0,5.81
2022-09-27 09:00:00+00:00,656.8,7.45,0.039,12.79,101.9,5.69
2022-09-27 10:00:00+00:00,630.3,7.43,0.039,12.85,102.2,5.58
2022-09-27 11:00:00+00:00,559.3,7.43,0.039,12.9,102.3,5.49
2022-09-27 12:00:00+00:00,533.6,7.41,0.039,12.92,102.3,5.43
2022-09-27 13:00:00+00:00,552.7,7.39,0.039,12.97,102.5,5.35
2022-09-27 14:00:00+00:00,508.6,7.35,0.039,13.0,102.6,5.29
2022-09-27 15:00:00+00:00,469.0,7.39,0.039,13.0,102.5,5.27
2022-09-27 16:00:00+00:00,481.9,7.41,0.04,13.01,102.5,5.23
2022-09-27 17:00:00+00:00,331.2,7.39,0.04,13.02,102.4,5.19
2022-09-27 18:00:00+00:00,390.1,7.39,0.04,13.02,102.4,5.19
2022-09-27 19:00:00+00:00,343.6,7.37,0.04,13.01,102.5,5.23
2022-09-27 20:00:00+00:00,327.5,7.37,0.04,13.0,102.6,5.31
2022-09-27 21:00:00+00:00,326.1,7.41,0.04,12.96,102.7,5.47
2022-09-27 23:00:00+00:00,309.6,7.39,0.041,12.89,102.6,5.64
2022-09-28 01:00:00+00:00,317.8,7.4,0.041,12.81,102.3,5.8
2022-09-28 13:00:00+00:00,406.3,7.35,0.043,13.13,102.0,4.69
2022-09-30 06:00:00+00:00,307.4,7.29,0.034,12.77,103.1,6.22
2022-10-01 14:00:00+00:00,391.6,7.28,0.033,12.64,101.9,6.15
2022-10-01 15:00:00+00:00,472.6,7.34,0.033,12.6,101.9,6.26
2022-10-01 16:00:00+00:00,568.4,7.36,0.034,12.52,101.5,6.36
2022-10-01 17:00:00+00:00,643.2,7.35,0.035,12.49,101.2,6.34
2022-10-01 18:00:00+00:00,695.4,7.36,0.036,12.49,100.9,6.25
2022-10-01 19:00:00+00:00,657.5,7.32,0.036,12.51,100.7,6.1
2022-10-01 20:00:00+00:00,609.1,7.3,0.036,12.55,101.0,6.05
2022-10-01 21:00:00+00:00,548.2,7.32,0.037,12.63,101.4,5.97
2022-10-01 22:00:00+00:00,477.0,7.31,0.037,12.72,101.8,5.82
2022-10-01 23:00:00+00:00,441.7,7.32,0.036,12.83,102.3,5.72
2022-10-02 00:00:00+00:00,388.9,7.29,0.035,12.92,102.8,5.63
2022-10-02 01:00:00+00:00,354.1,7.28,0.036,12.91,102.8,5.63
2022-10-02 02:00:00+00:00,310.1,7.3,0.036,12.92,102.7,5.59
2022-10-02 03:00:00+00:00,367.4,7.29,0.036,12.92,102.6,5.55
2022-10-10 00:00:00+00:00,374.4,7.4,0.036,12.57,102.2,6.5
2022-10-10 01:00:00+00:00,333.3,7.4,0.036,12.67,102.3,6.19
2022-10-10 02:00:00+00:00,353.5,7.38,0.036,12.74,102.2,5.97
2022-10-10 03:00:00+00:00,314.9,7.36,0.037,12.82,102.2,5.69
2022-10-10 04:00:00+00:00,312.6,7.36,0.037,12.93,102.3,5.39
2022-10-13 13:00:00+00:00,310.1,7.23,0.031,12.59,102.2,6.4
2022-10-13 14:00:00+00:00,351.9,7.24,0.031,12.57,102.0,6.41
2022-10-13 15:00:00+00:00,378.4,7.26,0.032,12.54,101.7,6.39
2022-10-13 16:00:00+00:00,383.0,7.24,0.032,12.54,101.7,6.36
2022-10-13 17:00:00+00:00,387.2,7.23,0.032,12.49,101.3,6.39
2022-10-13 18:00:00+00:00,397.9,7.2,0.032,12.44,101.1,6.45
2022-10-13 19:00:00+00:00,421.3,7.17,0.032,12.4,100.9,6.5
2022-10-13 20:00:00+00:00,453.5,7.19,0.031,12.36,100.7,6.56
2022-10-13 21:00:00+00:00,435.4,7.17,0.032,12.33,100.6,6.63
2022-10-13 22:00:00+00:00,412.8,7.16,0.032,12.3,100.6,6.68
2022-10-13 23:00:00+00:00,450.2,7.17,0.032,12.3,100.7,6.73
2022-10-14 00:00:00+00:00,414.0,7.18,0.032,12.31,100.7,6.73
2022-10-14 01:00:00+00:00,407.7,7.21,0.032,12.34,100.9,6.67
2022-10-14 02:00:00+00:00,389.5,7.2,0.033,12.42,101.1,6.53
2022-10-14 03:00:00+00:00,371.8,7.21,0.034,12.5,101.3,6.33
2022-10-14 04:00:00+00:00,354.0,7.23,0.035,12.65,101.8,6.09
2022-10-14 05:00:00+00:00,357.5,7.24,0.035,12.77,102.1,5.82
2022-10-14 06:00:00+00:00,344.3,7.27,0.036,12.91,102.5,5.56
2022-10-14 07:00:00+00:00,319.9,7.25,0.037,12.98,102.6,5.38
2022-10-14 08:00:00+00:00,311.5,7.27,0.038,13.04,102.7,5.24
2023-04-28 00:00:00+00:00,1158.3,7.67,0.08,13.69,104.7,4.08
2023-05-05 23:00:00+00:00,341.3,7.6,0.066,13.63,103.2,3.69
2023-06-05 03:00:00+00:00,395.1,7.65,0.049,12.1,104.0,8.72
2023-06-26 13:00:00+00:00,310.2,7.38,0.031,13.3,104.6,5.16
2023-06-27 03:00:00+00:00,366.6,7.43,0.031,12.96,104.3,6.06
2023-06-27 07:00:00+00:00,373.3,7.42,0.03,13.08,104.2,5.68
2023-06-27 08:00:00+00:00,316.6,7.38,0.03,13.11,104.2,5.58
2023-07-02 17:00:00+00:00,304.6,7.42,0.033,13.48,105.4,4.93
2023-07-03 07:00:00+00:00,348.6,7.46,0.033,13.12,105.3,5.97
2023-07-03 08:00:00+00:00,406.7,7.42,0.033,13.17,105.3,5.79
2023-07-03 09:00:00+00:00,390.8,7.42,0.033,13.24,105.3,5.61
2023-07-03 10:00:00+00:00,407.9,7.4,0.033,13.29,105.3,5.44
2023-07-03 11:00:00+00:00,336.3,7.39,0.033,13.33,105.3,5.33
2023-07-03 12:00:00+00:00,406.6,7.4,0.033,13.37,105.3,5.24
2023-07-03 13:00:00+00:00,393.8,7.39,0.033,13.4,105.3,5.15
2023-07-03 15:00:00+00:00,382.2,7.38,0.033,13.45,105.4,5.04
2023-07-03 16:00:00+00:00,374.1,7.4,0.033,13.46,105.5,5.02
2023-07-03 17:00:00+00:00,346.7,7.39,0.033,13.47,105.6,5.03
2023-07-03 20:00:00+00:00,1046.9,7.45,0.033,13.4,105.8,5.33
2023-07-03 21:00:00+00:00,383.1,7.45,0.033,13.35,106.1,5.58
2023-07-04 07:00:00+00:00,537.8,7.46,0.032,12.88,105.0,6.57
2023-07-04 08:00:00+00:00,490.4,7.42,0.032,12.97,104.9,6.29
2023-07-04 09:00:00+00:00,426.0,7.4,0.032,13.05,105.0,6.04
2023-07-04 10:00:00+00:00,533.6,7.4,0.031,13.12,105.0,5.84
2023-07-04 11:00:00+00:00,409.7,7.4,0.031,13.17,105.0,5.69
2023-07-04 12:00:00+00:00,482.9,7.37,0.031,13.21,105.0,5.58
2023-07-04 13:00:00+00:00,515.6,7.38,0.031,13.24,105.0,5.49
2023-07-04 14:00:00+00:00,428.5,7.37,0.031,13.27,105.0,5.42
2023-07-04 15:00:00+00:00,429.1,7.38,0.031,13.29,105.1,5.37
2023-07-04 16:00:00+00:00,339.6,7.38,0.031,13.31,105.1,5.33
2023-07-04 17:00:00+00:00,472.4,7.36,0.031,13.32,105.1,5.31
2023-07-04 18:00:00+00:00,431.7,7.37,0.031,13.33,105.2,5.31
2023-07-04 19:00:00+00:00,303.1,7.39,0.031,13.32,105.2,5.33
2023-07-04 20:00:00+00:00,367.6,7.39,0.031,13.31,105.3,5.38
2023-07-04 21:00:00+00:00,424.1,7.38,0.031,13.3,105.4,5.48
2023-07-04 22:00:00+00:00,399.3,7.42,0.031,13.26,105.4,5.6
2023-07-04 23:00:00+00:00,399.4,7.43,0.031,13.23,105.6,5.74
2023-07-05 00:00:00+00:00,398.1,7.43,0.031,13.19,105.7,5.91
2023-07-05 02:00:00+00:00,394.5,7.43,0.031,13.13,105.9,6.18
2023-07-05 03:00:00+00:00,418.3,7.46,0.031,13.09,105.7,6.23
2023-07-05 04:00:00+00:00,401.3,7.46,0.031,13.05,105.6,6.26
2023-07-05 05:00:00+00:00,423.7,7.43,0.031,13.05,105.4,6.22
2023-07-05 06:00:00+00:00,489.5,7.44,0.031,13.06,105.1,6.07
2023-07-05 07:00:00+00:00,494.1,7.44,0.031,13.11,105.0,5.9
2023-07-05 08:00:00+00:00,398.6,7.42,0.031,13.15,104.9,5.72
2023-07-05 09:00:00+00:00,345.2,7.39,0.031,13.2,104.9,5.58
2023-07-05 10:00:00+00:00,301.9,7.41,0.031,13.25,104.9,5.42
2023-07-05 11:00:00+00:00,315.4,7.39,0.031,13.3,104.9,5.26
2023-07-05 12:00:00+00:00,468.6,7.38,0.031,13.35,104.9,5.12
2023-07-05 13:00:00+00:00,488.5,7.38,0.031,13.4,104.9,5.0
2023-07-05 14:00:00+00:00,477.2,7.38,0.031,13.44,105.0,4.89
2023-07-05 15:00:00+00:00,484.3,7.37,0.031,13.48,105.1,4.84
2023-07-05 16:00:00+00:00,500.0,7.4,0.031,13.49,105.2,4.85
2023-07-05 17:00:00+00:00,435.5,7.42,0.031,13.49,105.4,4.92
2023-07-05 18:00:00+00:00,441.7,7.43,0.031,13.45,105.5,5.09
2023-07-06 19:00:00+00:00,417.5,7.39,0.031,13.25,105.5,5.65
2023-07-06 20:00:00+00:00,322.6,7.43,0.031,13.12,105.8,6.15
2023-07-06 21:00:00+00:00,413.7,7.47,0.031,12.94,106.1,6.82
2023-07-06 22:00:00+00:00,433.2,7.48,0.031,12.71,106.2,7.59
2023-07-06 23:00:00+00:00,346.2,7.48,0.031,12.48,106.2,8.31
2023-07-07 00:00:00+00:00,377.6,7.49,0.03,12.3,106.1,8.88
2023-07-07 02:00:00+00:00,349.0,7.48,0.029,12.09,105.4,9.3
2023-07-07 03:00:00+00:00,378.1,7.47,0.029,12.1,105.0,9.13
2023-07-07 05:00:00+00:00,449.7,7.43,0.028,12.28,104.2,8.2
2023-07-07 06:00:00+00:00,351.1,7.39,0.028,12.41,104.1,7.75
2023-07-08 07:00:00+00:00,303.5,7.34,0.025,12.55,103.9,7.19
2023-07-08 11:00:00+00:00,311.1,7.31,0.024,12.88,104.0,6.21
2023-07-08 14:00:00+00:00,325.9,7.29,0.025,13.02,104.1,5.83
2023-07-11 18:00:00+00:00,305.3,7.41,0.028,12.99,104.6,6.09
2023-07-11 19:00:00+00:00,323.4,7.44,0.028,12.98,104.8,6.18
2023-07-11 20:00:00+00:00,312.6,7.42,0.028,12.94,104.8,6.33
2023-07-11 21:00:00+00:00,364.1,7.42,0.028,12.89,105.0,6.57
2023-07-11 22:00:00+00:00,305.1,7.43,0.028,12.82,105.2,6.85
2023-07-11 23:00:00+00:00,356.5,7.44,0.028,12.72,105.2,7.13
2023-07-12 00:00:00+00:00,353.3,7.45,0.028,12.63,105.0,7.36
2023-07-12 01:00:00+00:00,337.4,7.44,0.028,12.61,104.8,7.38
2023-07-12 03:00:00+00:00,322.5,7.45,0.029,12.59,104.7,7.35
2023-07-12 04:00:00+00:00,384.7,7.44,0.029,12.62,104.4,7.18
2023-07-12 05:00:00+00:00,324.7,7.42,0.029,12.67,104.3,6.97
2023-07-12 06:00:00+00:00,331.9,7.41,0.029,12.74,104.2,6.7
2023-07-12 07:00:00+00:00,368.1,7.43,0.029,12.8,104.1,6.48
2023-07-12 08:00:00+00:00,379.9,7.39,0.029,12.87,104.1,6.28
2023-07-12 09:00:00+00:00,300.2,7.37,0.029,12.92,104.1,6.12
2023-07-12 11:00:00+00:00,346.2,7.38,0.029,12.99,104.1,5.9
2023-07-12 13:00:00+00:00,392.1,7.37,0.029,13.05,104.2,5.74
2023-07-12 15:00:00+00:00,389.0,7.38,0.029,13.1,104.2,5.6
2023-07-12 16:00:00+00:00,325.5,7.38,0.029,13.13,104.3,5.56
2023-07-12 17:00:00+00:00,420.1,7.38,0.03,13.14,104.4,5.57
2023-07-12 18:00:00+00:00,324.9,7.41,0.03,13.14,104.5,5.61
2023-07-12 20:00:00+00:00,441.0,7.41,0.03,13.09,104.9,5.91
2023-07-12 21:00:00+00:00,355.9,7.44,0.03,13.02,104.9,6.11
2023-07-12 22:00:00+00:00,372.2,7.45,0.03,12.96,104.7,6.24
2023-07-12 23:00:00+00:00,330.6,7.43,0.03,12.92,104.7,6.32
2023-07-13 00:00:00+00:00,409.1,7.44,0.03,12.91,104.5,6.32
2023-07-13 01:00:00+00:00,359.9,7.44,0.03,12.91,104.5,6.32
2023-07-13 02:00:00+00:00,373.8,7.44,0.03,12.92,104.6,6.28
2023-07-13 03:00:00+00:00,382.5,7.44,0.03,12.93,104.4,6.21
2023-07-13 04:00:00+00:00,341.2,7.42,0.03,12.94,104.3,6.14
2023-07-13 05:00:00+00:00,321.5,7.44,0.03,12.96,104.3,6.07
2023-07-13 08:00:00+00:00,426.9,7.41,0.03,13.05,104.2,5.76
2023-07-13 09:00:00+00:00,342.9,7.38,0.03,13.08,104.2,5.67
2023-07-13 10:00:00+00:00,380.2,7.38,0.03,13.11,104.2,5.6
2023-07-13 11:00:00+00:00,361.0,7.38,0.031,13.13,104.2,5.53
2023-07-13 12:00:00+00:00,409.3,7.37,0.031,13.15,104.3,5.48
2023-07-13 13:00:00+00:00,395.0,7.34,0.031,13.18,104.3,5.41
2023-07-13 14:00:00+00:00,421.7,7.36,0.031,13.19,104.3,5.36
2023-07-13 15:00:00+00:00,388.5,7.37,0.031,13.21,104.4,5.35
2023-07-13 16:00:00+00:00,469.3,7.35,0.031,13.22,104.5,5.36
2023-07-13 17:00:00+00:00,458.2,7.39,0.031,13.22,104.6,5.42
2023-07-13 18:00:00+00:00,476.1,7.4,0.031,13.2,104.9,5.58
2023-07-13 19:00:00+00:00,456.9,7.41,0.031,13.14,105.2,5.85
2023-07-13 20:00:00+00:00,343.9,7.43,0.031,13.04,105.7,6.34
2023-07-13 21:00:00+00:00,470.3,7.44,0.031,12.88,106.0,6.95
2023-07-13 22:00:00+00:00,322.1,7.48,0.03,12.69,106.1,7.61
2023-07-13 23:00:00+00:00,322.9,7.46,0.03,12.48,106.2,8.32
2023-07-14 00:00:00+00:00,491.2,7.47,0.03,12.32,105.8,8.71
2023-07-14 01:00:00+00:00,401.9,7.47,0.03,12.2,105.8,9.1
2023-07-14 02:00:00+00:00,466.9,7.45,0.03,12.15,105.2,9.05
2023-07-14 03:00:00+00:00,471.6,7.45,0.029,12.17,105.1,8.91
2023-07-14 04:00:00+00:00,472.9,7.46,0.029,12.21,104.7,8.63
2023-07-14 05:00:00+00:00,504.2,7.42,0.029,12.28,104.3,8.23
2023-07-14 06:00:00+00:00,477.0,7.4,0.028,12.43,104.2,7.7
2023-07-14 19:00:00+00:00,530.9,7.37,0.028,13.16,105.2,5.81
2023-07-14 20:00:00+00:00,537.0,7.39,0.028,13.09,105.6,6.17
2023-07-14 21:00:00+00:00,517.6,7.42,0.028,12.95,105.9,6.68
2023-07-14 22:00:00+00:00,405.3,7.41,0.028,12.79,106.0,7.26
2023-07-14 23:00:00+00:00,540.5,7.43,0.028,12.62,106.1,7.84
2023-07-15 00:00:00+00:00,567.4,7.44,0.028,12.47,106.1,8.32
2023-07-15 01:00:00+00:00,504.0,7.44,0.028,12.33,105.8,8.66
2023-07-15 02:00:00+00:00,343.2,7.45,0.027,12.26,105.4,8.75
2023-07-15 03:00:00+00:00,531.8,7.43,0.027,12.27,105.1,8.6
2023-07-15 04:00:00+00:00,518.5,7.41,0.027,12.31,104.8,8.33
2023-07-15 05:00:00+00:00,331.1,7.4,0.027,12.38,104.5,7.99
2023-07-15 06:00:00+00:00,490.4,7.38,0.026,12.49,104.4,7.57
2023-07-15 13:00:00+00:00,308.7,7.31,0.026,13.04,104.5,5.91
2023-07-15 14:00:00+00:00,381.0,7.32,0.026,13.07,104.5,5.81
2023-07-15 15:00:00+00:00,464.5,7.31,0.026,13.1,104.5,5.73
2023-07-15 21:00:00+00:00,397.6,7.39,0.027,12.75,105.9,7.32
2023-07-16 02:00:00+00:00,309.0,7.42,0.026,12.06,105.3,9.37
2023-07-16 03:00:00+00:00,435.7,7.39,0.025,12.06,104.9,9.24
2023-07-16 04:00:00+00:00,368.9,7.39,0.025,12.12,104.5,8.86
2023-07-16 05:00:00+00:00,438.6,7.38,0.025,12.22,104.1,8.35
2023-07-16 06:00:00+00:00,300.5,7.36,0.025,12.36,104.0,7.84
2023-07-16 07:00:00+00:00,384.6,7.35,0.025,12.47,104.0,7.48
2023-07-16 08:00:00+00:00,301.1,7.31,0.025,12.59,104.0,7.12
2023-07-16 09:00:00+00:00,358.2,7.3,0.025,12.69,104.0,6.8
2023-07-16 10:00:00+00:00,333.5,7.31,0.025,12.78,104.1,6.55
2023-07-16 11:00:00+00:00,392.3,7.29,0.025,12.86,104.1,6.31
2023-07-16 12:00:00+00:00,355.3,7.3,0.025,12.92,104.0,6.11
2023-07-16 14:00:00+00:00,306.2,7.29,0.025,13.0,104.0,5.86
2023-07-16 15:00:00+00:00,348.6,7.3,0.025,13.02,104.0,5.78
2023-07-16 16:00:00+00:00,322.0,7.3,0.026,13.04,104.0,5.72
2023-07-16 17:00:00+00:00,317.6,7.32,0.026,13.05,104.0,5.69
2023-07-16 18:00:00+00:00,341.5,7.33,0.026,13.04,104.2,5.8
2023-07-16 19:00:00+00:00,341.3,7.38,0.026,12.98,104.5,6.12
2023-07-16 20:00:00+00:00,366.0,7.38,0.026,12.87,105.0,6.64
2023-07-16 21:00:00+00:00,353.0,7.39,0.026,12.69,105.4,7.33
2023-07-16 22:00:00+00:00,353.6,7.41,0.026,12.48,105.5,8.05
2023-07-16 23:00:00+00:00,344.1,7.42,0.026,12.33,105.4,8.5
2023-07-17 00:00:00+00:00,366.5,7.43,0.026,12.16,105.0,8.92
2023-07-17 01:00:00+00:00,402.6,7.42,0.025,12.09,104.9,9.15
2023-07-17 02:00:00+00:00,380.7,7.43,0.025,12.11,104.7,8.97
2023-07-17 03:00:00+00:00,383.7,7.41,0.025,12.17,104.4,8.64
2023-07-17 04:00:00+00:00,369.0,7.41,0.025,12.19,104.2,8.5
2023-07-17 05:00:00+00:00,323.1,7.39,0.025,12.24,104.0,8.27
2023-07-17 06:00:00+00:00,350.6,7.4,0.025,12.28,104.0,8.12
2023-07-17 07:00:00+00:00,320.6,7.39,0.025,12.35,103.9,7.84
2023-07-17 09:00:00+00:00,389.7,7.35,0.025,12.52,103.8,7.28
2023-07-17 20:00:00+00:00,350.0,7.37,0.025,12.8,104.4,6.59
2023-07-17 22:00:00+00:00,312.7,7.37,0.025,12.74,104.7,6.89
2023-07-17 23:00:00+00:00,317.1,7.4,0.025,12.71,104.7,7.0
2023-07-18 00:00:00+00:00,335.7,7.38,0.025,12.69,104.6,7.05
2023-07-18 02:00:00+00:00,312.5,7.38,0.025,12.66,104.4,7.03
2023-07-18 03:00:00+00:00,346.3,7.39,0.025,12.66,104.4,7.03
2023-07-18 04:00:00+00:00,320.6,7.38,0.025,12.66,104.3,6.99
2023-07-18 05:00:00+00:00,351.5,7.36,0.025,12.69,104.2,6.87
2023-07-18 06:00:00+00:00,335.9,7.37,0.025,12.74,104.2,6.71
2023-07-18 07:00:00+00:00,347.8,7.36,0.025,12.78,104.1,6.57
2023-07-18 08:00:00+00:00,372.8,7.33,0.025,12.83,104.2,6.42
2023-07-18 09:00:00+00:00,350.7,7.34,0.025,12.88,104.2,6.28
2023-07-18 10:00:00+00:00,388.8,7.33,0.025,12.91,104.2,6.18
2023-07-18 11:00:00+00:00,363.5,7.32,0.025,12.94,104.2,6.11
2023-07-18 12:00:00+00:00,371.0,7.31,0.025,12.98,104.4,6.05
2023-07-18 13:00:00+00:00,340.0,7.32,0.025,13.0,104.3,5.95
2023-07-18 14:00:00+00:00,329.6,7.3,0.025,13.03,104.4,5.88
2023-07-18 15:00:00+00:00,395.5,7.31,0.025,13.05,104.3,5.82
2023-07-18 16:00:00+00:00,394.8,7.3,0.026,13.07,104.4,5.79
2023-07-18 17:00:00+00:00,331.9,7.33,0.026,13.09,104.6,5.8
2023-07-18 18:00:00+00:00,361.4,7.35,0.026,13.09,104.8,5.87
2023-07-18 19:00:00+00:00,332.9,7.4,0.026,13.07,105.1,6.04
2023-07-18 21:00:00+00:00,311.4,7.4,0.026,12.91,105.4,6.61
2023-07-18 23:00:00+00:00,335.7,7.4,0.026,12.78,105.3,7.04
2023-07-19 06:00:00+00:00,337.3,7.4,0.026,12.61,104.4,7.19
2023-07-20 21:00:00+00:00,337.4,7.41,0.027,12.91,105.3,6.61
2023-08-13 05:00:00+00:00,309.0,7.28,0.024,12.72,104.3,6.8
2023-08-13 06:00:00+00:00,382.4,7.47,0.03,12.75,104.1,6.67
2023-08-13 07:00:00+00:00,417.6,7.4,0.03,12.82,104.1,6.43
2023-08-13 08:00:00+00:00,322.0,7.37,0.029,12.92,104.1,6.13
2023-08-13 09:00:00+00:00,321.5,7.37,0.029,13.0,104.3,5.93
2023-10-08 05:00:00+00:00,311.9,7.47,0.038,12.8,102.8,5.97
2023-10-08 06:00:00+00:00,328.2,7.46,0.037,12.77,102.6,6.03
2023-10-08 07:00:00+00:00,330.2,7.38,0.036,12.71,102.3,6.1
2024-05-27 14:00:00+00:00,967.1,7.47,0.053,13.63,105.5,4.56
2024-06-12 00:00:00+00:00,519.2,7.44,0.043,12.11,100.7,7.38
2024-09-24 23:00:00+00:00,331.5,7.36,0.038,12.42,99.0,5.7
