start_time,end_time,duration_hours,observations,peak_turbidity,mean_turbidity,segment_id,persistence
2011-04-28 20:00:00+00:00,2011-04-28 20:00:00+00:00,0.0,1,993.4,993.4,0,short
2012-05-21 16:00:52+00:00,2012-05-21 16:00:52+00:00,0.0,1,711.7,711.7,2,short
2013-05-10 00:00:51+00:00,2013-05-10 00:00:51+00:00,0.0,1,342.6,342.6,3,short
2013-05-10 01:00:51+00:00,2013-05-10 01:00:51+00:00,0.0,1,326.9,326.9,3,short
2013-07-03 05:00:52+00:00,2013-07-03 05:00:52+00:00,0.0,1,590.5,590.5,3,short
2013-07-09 09:00:52+00:00,2013-07-09 09:00:52+00:00,0.0,1,390.0,390.0,3,short
2013-09-08 09:00:51+00:00,2013-09-08 09:00:51+00:00,0.0,1,613.4,613.4,3,short
2013-09-08 10:00:51+00:00,2013-09-08 10:00:51+00:00,0.0,1,391.4,391.4,3,short
2013-09-08 11:00:52+00:00,2013-09-08 11:00:52+00:00,0.0,1,835.6,835.6,3,short
2013-09-08 12:00:51+00:00,2013-09-08 12:00:51+00:00,0.0,1,799.3,799.3,3,short
2013-09-08 13:00:51+00:00,2013-09-08 13:00:51+00:00,0.0,1,904.9,904.9,3,short
2013-09-08 14:00:51+00:00,2013-09-08 14:00:51+00:00,0.0,1,1063.5,1063.5,3,short
2013-09-08 15:00:51+00:00,2013-09-08 15:00:51+00:00,0.0,1,1226.1,1226.1,3,short
2013-09-08 16:00:52+00:00,2013-09-08 16:00:52+00:00,0.0,1,1281.8,1281.8,3,short
2013-09-08 17:00:51+00:00,2013-09-08 17:00:51+00:00,0.0,1,1278.3,1278.3,3,short
2013-09-08 18:00:51+00:00,2013-09-08 18:00:51+00:00,0.0,1,1275.8,1275.8,3,short
2013-09-08 19:00:51+00:00,2013-09-08 19:00:51+00:00,0.0,1,1264.1,1264.1,3,short
2013-09-08 20:00:52+00:00,2013-09-08 20:00:52+00:00,0.0,1,1146.1,1146.1,3,short
2013-09-08 21:00:51+00:00,2013-09-08 21:00:51+00:00,0.0,1,1230.1,1230.1,3,short
2013-09-08 22:00:51+00:00,2013-09-08 22:00:51+00:00,0.0,1,724.9,724.9,3,short
2013-09-08 23:00:51+00:00,2013-09-08 23:00:51+00:00,0.0,1,829.1,829.1,3,short
2013-09-09 00:00:51+00:00,2013-09-09 00:00:51+00:00,0.0,1,735.5,735.5,3,short
2013-09-09 01:00:51+00:00,2013-09-09 01:00:51+00:00,0.0,1,893.0,893.0,3,short
2013-09-09 02:00:51+00:00,2013-09-09 02:00:51+00:00,0.0,1,444.8,444.8,3,short
2013-09-09 03:00:51+00:00,2013-09-09 03:00:51+00:00,0.0,1,479.9,479.9,3,short
2013-09-09 04:00:51+00:00,2013-09-09 04:00:51+00:00,0.0,1,428.5,428.5,3,short
2013-09-09 05:00:52+00:00,2013-09-09 05:00:52+00:00,0.0,1,359.9,359.9,3,short
2013-09-09 06:00:51+00:00,2013-09-09 06:00:51+00:00,0.0,1,364.2,364.2,3,short
2013-09-09 07:00:52+00:00,2013-09-09 07:00:52+00:00,0.0,1,462.9,462.9,3,short
2013-09-09 08:00:52+00:00,2013-09-09 08:00:52+00:00,0.0,1,336.2,336.2,3,short
2013-09-21 19:00:51+00:00,2013-09-21 19:00:51+00:00,0.0,1,344.0,344.0,3,short
2014-08-01 05:00:51+00:00,2014-08-01 05:00:51+00:00,0.0,1,455.7,455.7,4,short
2014-08-12 14:00:51+00:00,2014-08-12 14:00:51+00:00,0.0,1,697.3,697.3,4,short
2014-08-12 15:00:51+00:00,2014-08-12 15:00:51+00:00,0.0,1,1199.2,1199.2,4,short
2014-08-12 16:00:51+00:00,2014-08-12 16:00:51+00:00,0.0,1,1060.2,1060.2,4,short
2014-08-12 17:00:51+00:00,2014-08-12 17:00:51+00:00,0.0,1,1214.2,1214.2,4,short
2014-08-12 18:00:51+00:00,2014-08-12 18:00:51+00:00,0.0,1,1069.8,1069.8,4,short
2014-08-12 19:00:51+00:00,2014-08-12 19:00:51+00:00,0.0,1,1216.5,1216.5,4,short
2014-08-12 20:00:51+00:00,2014-08-12 20:00:51+00:00,0.0,1,1207.8,1207.8,4,short
2014-08-12 21:00:52+00:00,2014-08-12 21:00:52+00:00,0.0,1,1178.7,1178.7,4,short
2014-08-12 22:00:52+00:00,2014-08-12 22:00:52+00:00,0.0,1,768.2,768.2,4,short
2014-08-12 23:00:51+00:00,2014-08-12 23:00:51+00:00,0.0,1,939.8,939.8,4,short
2014-08-13 00:00:51+00:00,2014-08-13 00:00:51+00:00,0.0,1,711.2,711.2,4,short
2014-08-13 01:00:51+00:00,2014-08-13 01:00:51+00:00,0.0,1,658.8,658.8,4,short
2014-08-13 02:00:52+00:00,2014-08-13 02:00:52+00:00,0.0,1,448.7,448.7,4,short
2014-08-13 03:00:52+00:00,2014-08-13 03:00:52+00:00,0.0,1,786.9,786.9,4,short
2014-08-13 04:00:51+00:00,2014-08-13 04:00:51+00:00,0.0,1,396.0,396.0,4,short
2014-08-13 05:00:51+00:00,2014-08-13 05:00:51+00:00,0.0,1,468.0,468.0,4,short
2014-08-13 08:00:51+00:00,2014-08-13 08:00:51+00:00,0.0,1,510.6,510.6,4,short
2014-09-22 11:00:52+00:00,2014-09-22 11:00:52+00:00,0.0,1,358.9,358.9,4,short
2014-09-22 14:00:52+00:00,2014-09-22 14:00:52+00:00,0.0,1,351.9,351.9,4,short
2014-09-22 15:00:52+00:00,2014-09-22 15:00:52+00:00,0.0,1,430.6,430.6,4,short
2014-09-22 17:00:52+00:00,2014-09-22 17:00:52+00:00,0.0,1,363.5,363.5,4,short
2014-10-04 16:00:51+00:00,2014-10-04 16:00:51+00:00,0.0,1,470.1,470.1,4,short
2014-10-04 17:00:51+00:00,2014-10-04 17:00:51+00:00,0.0,1,427.5,427.5,4,short
2014-10-04 18:00:51+00:00,2014-10-04 18:00:51+00:00,0.0,1,350.8,350.8,4,short
2014-10-04 19:00:52+00:00,2014-10-04 19:00:52+00:00,0.0,1,440.8,440.8,4,short
2014-10-04 20:00:52+00:00,2014-10-04 20:00:52+00:00,0.0,1,333.4,333.4,4,short
2014-10-04 21:00:51+00:00,2014-10-04 21:00:51+00:00,0.0,1,356.6,356.6,4,short
2014-10-04 22:00:52+00:00,2014-10-04 22:00:52+00:00,0.0,1,347.1,347.1,4,short
2014-10-04 23:00:51+00:00,2014-10-04 23:00:51+00:00,0.0,1,529.4,529.4,4,short
2014-10-05 01:00:52+00:00,2014-10-05 01:00:52+00:00,0.0,1,432.1,432.1,4,short
2014-10-05 04:00:52+00:00,2014-10-05 04:00:52+00:00,0.0,1,326.1,326.1,4,short
2014-10-05 06:00:51+00:00,2014-10-05 06:00:51+00:00,0.0,1,334.2,334.2,4,short
2014-10-05 08:00:52+00:00,2014-10-05 08:00:52+00:00,0.0,1,326.3,326.3,4,short
2014-10-10 21:00:52+00:00,2014-10-10 21:00:52+00:00,0.0,1,346.2,346.2,4,short
2014-10-10 22:00:51+00:00,2014-10-10 22:00:51+00:00,0.0,1,875.2,875.2,4,short
2014-10-10 23:00:51+00:00,2014-10-10 23:00:51+00:00,0.0,1,558.7,558.7,4,short
2014-10-11 00:00:52+00:00,2014-10-11 00:00:52+00:00,0.0,1,580.5,580.5,4,short
2014-10-11 01:00:52+00:00,2014-10-11 01:00:52+00:00,0.0,1,419.0,419.0,4,short
2014-10-11 02:00:51+00:00,2014-10-11 02:00:51+00:00,0.0,1,466.9,466.9,4,short
2014-10-11 03:00:52+00:00,2014-10-11 03:00:52+00:00,0.0,1,519.7,519.7,4,short
2014-10-11 04:00:51+00:00,2014-10-11 04:00:51+00:00,0.0,1,594.7,594.7,4,short
2014-10-11 05:00:52+00:00,2014-10-11 05:00:52+00:00,0.0,1,418.2,418.2,4,short
2014-10-11 06:00:52+00:00,2014-10-11 06:00:52+00:00,0.0,1,431.0,431.0,4,short
2015-08-18 18:00:51+00:00,2015-08-18 18:00:51+00:00,0.0,1,348.5,348.5,5,short
2015-08-18 21:00:50+00:00,2015-08-18 21:00:50+00:00,0.0,1,459.2,459.2,5,short
2015-08-18 22:00:50+00:00,2015-08-18 22:00:50+00:00,0.0,1,382.4,382.4,5,short
2015-08-18 23:00:50+00:00,2015-08-18 23:00:50+00:00,0.0,1,436.4,436.4,5,short
2015-08-19 00:00:51+00:00,2015-08-19 00:00:51+00:00,0.0,1,485.1,485.1,5,short
2015-08-19 01:00:50+00:00,2015-08-19 01:00:50+00:00,0.0,1,621.8,621.8,5,short
2015-08-19 02:00:51+00:00,2015-08-19 02:00:51+00:00,0.0,1,446.7,446.7,5,short
2015-08-19 03:00:51+00:00,2015-08-19 03:00:51+00:00,0.0,1,369.4,369.4,5,short
2015-08-19 05:00:51+00:00,2015-08-19 05:00:51+00:00,0.0,1,423.2,423.2,5,short
2015-08-19 06:00:50+00:00,2015-08-19 06:00:50+00:00,0.0,1,320.2,320.2,5,short
2015-08-19 08:00:51+00:00,2015-08-19 08:00:51+00:00,0.0,1,322.6,322.6,5,short
2015-08-22 18:00:51+00:00,2015-08-22 18:00:51+00:00,0.0,1,1141.7,1141.7,5,short
2015-09-11 07:00:51+00:00,2015-09-11 07:00:51+00:00,0.0,1,1118.6,1118.6,5,short
2015-09-11 08:00:51+00:00,2015-09-11 08:00:51+00:00,0.0,1,924.8,924.8,5,short
2015-09-11 09:00:51+00:00,2015-09-11 09:00:51+00:00,0.0,1,1181.3,1181.3,5,short
2015-09-11 10:00:51+00:00,2015-09-11 10:00:51+00:00,0.0,1,1199.8,1199.8,5,short
2015-09-11 11:00:51+00:00,2015-09-11 11:00:51+00:00,0.0,1,1205.9,1205.9,5,short
2015-09-11 12:00:51+00:00,2015-09-11 12:00:51+00:00,0.0,1,1202.6,1202.6,5,short
2015-09-11 13:00:51+00:00,2015-09-11 13:00:51+00:00,0.0,1,1197.5,1197.5,5,short
2015-09-11 14:00:51+00:00,2015-09-11 14:00:51+00:00,0.0,1,1200.3,1200.3,5,short
2015-09-11 15:00:51+00:00,2015-09-11 15:00:51+00:00,0.0,1,1081.6,1081.6,5,short
2015-09-11 16:00:51+00:00,2015-09-11 16:00:51+00:00,0.0,1,1195.6,1195.6,5,short
2015-09-11 17:00:51+00:00,2015-09-11 17:00:51+00:00,0.0,1,946.3,946.3,5,short
2015-09-11 18:00:51+00:00,2015-09-11 18:00:51+00:00,0.0,1,1019.7,1019.7,5,short
2015-09-11 19:00:51+00:00,2015-09-11 19:00:51+00:00,0.0,1,804.3,804.3,5,short
2015-09-11 20:00:51+00:00,2015-09-11 20:00:51+00:00,0.0,1,638.5,638.5,5,short
2015-09-11 21:00:51+00:00,2015-09-11 21:00:51+00:00,0.0,1,607.3,607.3,5,short
2015-09-11 22:00:51+00:00,2015-09-11 22:00:51+00:00,0.0,1,1004.6,1004.6,5,short
2015-09-11 23:00:51+00:00,2015-09-11 23:00:51+00:00,0.0,1,784.3,784.3,5,short
2015-09-12 00:00:51+00:00,2015-09-12 00:00:51+00:00,0.0,1,638.9,638.9,5,short
2015-09-12 01:00:51+00:00,2015-09-12 01:00:51+00:00,0.0,1,434.1,434.1,5,short
2015-09-12 02:00:51+00:00,2015-09-12 02:00:51+00:00,0.0,1,525.5,525.5,5,short
2015-09-12 03:00:51+00:00,2015-09-12 03:00:51+00:00,0.0,1,406.7,406.7,5,short
2015-09-12 04:00:51+00:00,2015-09-12 04:00:51+00:00,0.0,1,379.7,379.7,5,short
2015-09-12 06:00:51+00:00,2015-09-12 06:00:51+00:00,0.0,1,512.2,512.2,5,short
2015-09-12 08:00:51+00:00,2015-09-12 08:00:51+00:00,0.0,1,322.0,322.0,5,short
2015-09-12 09:00:52+00:00,2015-09-12 09:00:52+00:00,0.0,1,341.6,341.6,5,short
2015-09-12 11:00:51+00:00,2015-09-12 11:00:51+00:00,0.0,1,379.5,379.5,5,short
2015-09-12 18:00:51+00:00,2015-09-12 18:00:51+00:00,0.0,1,515.6,515.6,5,short
2015-09-13 01:00:51+00:00,2015-09-13 01:00:51+00:00,0.0,1,329.2,329.2,5,short
2015-09-30 02:00:51+00:00,2015-09-30 02:00:51+00:00,0.0,1,379.5,379.5,5,short
2015-09-30 04:00:51+00:00,2015-09-30 04:00:51+00:00,0.0,1,527.5,527.5,5,short
2015-09-30 05:00:51+00:00,2015-09-30 05:00:51+00:00,0.0,1,510.3,510.3,5,short
2015-09-30 06:00:51+00:00,2015-09-30 06:00:51+00:00,0.0,1,863.0,863.0,5,short
2015-09-30 07:00:51+00:00,2015-09-30 07:00:51+00:00,0.0,1,997.7,997.7,5,short
2015-09-30 08:00:51+00:00,2015-09-30 08:00:51+00:00,0.0,1,945.3,945.3,5,short
2015-09-30 09:00:51+00:00,2015-09-30 09:00:51+00:00,0.0,1,1174.5,1174.5,5,short
2015-09-30 10:00:51+00:00,2015-09-30 10:00:51+00:00,0.0,1,1194.8,1194.8,5,short
2015-09-30 11:00:51+00:00,2015-09-30 11:00:51+00:00,0.0,1,1195.1,1195.1,5,short
2015-09-30 12:00:51+00:00,2015-09-30 12:00:51+00:00,0.0,1,1191.8,1191.8,5,short
2015-09-30 13:00:51+00:00,2015-09-30 13:00:51+00:00,0.0,1,1193.5,1193.5,5,short
2015-09-30 14:00:51+00:00,2015-09-30 14:00:51+00:00,0.0,1,907.4,907.4,5,short
2015-09-30 15:00:51+00:00,2015-09-30 15:00:51+00:00,0.0,1,1026.4,1026.4,5,short
2015-09-30 16:00:51+00:00,2015-09-30 16:00:51+00:00,0.0,1,1123.6,1123.6,5,short
2015-09-30 17:00:51+00:00,2015-09-30 17:00:51+00:00,0.0,1,1029.4,1029.4,5,short
2015-09-30 18:00:51+00:00,2015-09-30 18:00:51+00:00,0.0,1,876.5,876.5,5,short
2015-09-30 19:00:51+00:00,2015-09-30 19:00:51+00:00,0.0,1,993.8,993.8,5,short
2015-09-30 20:00:51+00:00,2015-09-30 20:00:51+00:00,0.0,1,886.6,886.6,5,short
2015-09-30 21:00:51+00:00,2015-09-30 21:00:51+00:00,0.0,1,701.4,701.4,5,short
2015-09-30 22:00:51+00:00,2015-09-30 22:00:51+00:00,0.0,1,838.4,838.4,5,short
2015-09-30 23:00:51+00:00,2015-09-30 23:00:51+00:00,0.0,1,761.4,761.4,5,short
2015-10-01 00:00:51+00:00,2015-10-01 00:00:51+00:00,0.0,1,628.7,628.7,5,short
2015-10-01 01:00:51+00:00,2015-10-01 01:00:51+00:00,0.0,1,732.2,732.2,5,short
2015-10-01 02:00:51+00:00,2015-10-01 02:00:51+00:00,0.0,1,477.9,477.9,5,short
2015-10-01 03:00:51+00:00,2015-10-01 03:00:51+00:00,0.0,1,535.2,535.2,5,short
2015-10-01 04:00:51+00:00,2015-10-01 04:00:51+00:00,0.0,1,525.7,525.7,5,short
2015-10-01 05:00:51+00:00,2015-10-01 05:00:51+00:00,0.0,1,543.7,543.7,5,short
2015-10-01 06:00:51+00:00,2015-10-01 06:00:51+00:00,0.0,1,704.1,704.1,5,short
2015-10-01 07:00:51+00:00,2015-10-01 07:00:51+00:00,0.0,1,459.2,459.2,5,short
2015-10-01 08:00:51+00:00,2015-10-01 08:00:51+00:00,0.0,1,391.1,391.1,5,short
2015-10-01 09:00:51+00:00,2015-10-01 09:00:51+00:00,0.0,1,373.7,373.7,5,short
2015-10-01 10:00:51+00:00,2015-10-01 10:00:51+00:00,0.0,1,354.9,354.9,5,short
2015-10-01 11:00:51+00:00,2015-10-01 11:00:51+00:00,0.0,1,337.4,337.4,5,short
2015-10-01 12:00:52+00:00,2015-10-01 12:00:52+00:00,0.0,1,378.8,378.8,5,short
2015-10-01 15:00:51+00:00,2015-10-01 15:00:51+00:00,0.0,1,417.2,417.2,5,short
2015-10-02 01:00:51+00:00,2015-10-02 01:00:51+00:00,0.0,1,377.2,377.2,5,short
2015-10-02 02:00:51+00:00,2015-10-02 02:00:51+00:00,0.0,1,348.5,348.5,5,short
2015-10-10 07:00:51+00:00,2015-10-10 07:00:51+00:00,0.0,1,469.3,469.3,5,short
2015-10-10 13:00:51+00:00,2015-10-10 13:00:51+00:00,0.0,1,342.9,342.9,5,short
2015-10-10 19:00:51+00:00,2015-10-10 19:00:51+00:00,0.0,1,383.3,383.3,5,short
2015-10-10 20:00:51+00:00,2015-10-10 20:00:51+00:00,0.0,1,386.1,386.1,5,short
2015-10-17 20:00:51+00:00,2015-10-17 20:00:51+00:00,0.0,1,328.6,328.6,5,short
2015-10-17 21:00:51+00:00,2015-10-17 21:00:51+00:00,0.0,1,404.7,404.7,5,short
2015-10-17 22:00:51+00:00,2015-10-17 22:00:51+00:00,0.0,1,368.1,368.1,5,short
2015-10-17 23:00:51+00:00,2015-10-17 23:00:51+00:00,0.0,1,369.0,369.0,5,short
2015-10-18 02:00:51+00:00,2015-10-18 02:00:51+00:00,0.0,1,372.3,372.3,5,short
2015-10-18 04:00:51+00:00,2015-10-18 04:00:51+00:00,0.0,1,328.1,328.1,5,short
2015-10-18 05:00:51+00:00,2015-10-18 05:00:51+00:00,0.0,1,480.3,480.3,5,short
2016-04-13 05:00:51+00:00,2016-04-13 05:00:51+00:00,0.0,1,1056.5,1056.5,6,short
2016-07-24 02:00:53+00:00,2016-07-24 02:00:53+00:00,0.0,1,489.5,489.5,6,short
2016-07-24 03:00:53+00:00,2016-07-24 03:00:53+00:00,0.0,1,471.8,471.8,6,short
2016-07-24 04:00:53+00:00,2016-07-24 04:00:53+00:00,0.0,1,456.6,456.6,6,short
2016-07-24 05:00:53+00:00,2016-07-24 05:00:53+00:00,0.0,1,507.8,507.8,6,short
2016-07-24 06:00:53+00:00,2016-07-24 06:00:53+00:00,0.0,1,379.8,379.8,6,short
2016-07-24 09:00:53+00:00,2016-07-24 09:00:53+00:00,0.0,1,354.3,354.3,6,short
2016-07-28 21:00:53+00:00,2016-07-28 21:00:53+00:00,0.0,1,341.1,341.1,6,short
2016-08-12 19:00:53+00:00,2016-08-12 19:00:53+00:00,0.0,1,372.2,372.2,6,short
2016-08-15 13:00:53+00:00,2016-08-15 13:00:53+00:00,0.0,1,365.3,365.3,6,short
2016-08-26 17:00:53+00:00,2016-08-26 17:00:53+00:00,0.0,1,360.4,360.4,6,short
2016-09-13 13:00:53+00:00,2016-09-13 13:00:53+00:00,0.0,1,643.8,643.8,6,short
2016-09-13 14:00:53+00:00,2016-09-13 14:00:53+00:00,0.0,1,1035.0,1035.0,6,short
2016-09-13 15:00:53+00:00,2016-09-13 15:00:53+00:00,0.0,1,645.6,645.6,6,short
2016-09-13 16:00:53+00:00,2016-09-13 16:00:53+00:00,0.0,1,519.9,519.9,6,short
2016-09-13 17:00:53+00:00,2016-09-13 17:00:53+00:00,0.0,1,407.3,407.3,6,short
2016-09-13 18:00:53+00:00,2016-09-13 18:00:53+00:00,0.0,1,487.2,487.2,6,short
2016-09-13 19:00:53+00:00,2016-09-13 19:00:53+00:00,0.0,1,680.1,680.1,6,short
2016-09-13 20:00:53+00:00,2016-09-13 20:00:53+00:00,0.0,1,532.9,532.9,6,short
2016-09-13 21:00:53+00:00,2016-09-13 21:00:53+00:00,0.0,1,389.1,389.1,6,short
2016-09-13 22:00:53+00:00,2016-09-13 22:00:53+00:00,0.0,1,372.6,372.6,6,short
2016-09-14 00:00:53+00:00,2016-09-14 00:00:53+00:00,0.0,1,327.8,327.8,6,short
2016-09-14 02:00:53+00:00,2016-09-14 02:00:53+00:00,0.0,1,425.9,425.9,6,short
2016-09-14 05:00:53+00:00,2016-09-14 05:00:53+00:00,0.0,1,335.6,335.6,6,short
2016-09-14 06:00:53+00:00,2016-09-14 06:00:53+00:00,0.0,1,372.2,372.2,6,short
2016-09-14 08:00:53+00:00,2016-09-14 08:00:53+00:00,0.0,1,388.9,388.9,6,short
2016-09-14 09:00:53+00:00,2016-09-14 09:00:53+00:00,0.0,1,363.0,363.0,6,short
2017-05-22 08:52:53+00:00,2017-05-22 08:52:53+00:00,0.0,1,326.6,326.6,7,short
2017-05-22 14:52:54+00:00,2017-05-22 14:52:54+00:00,0.0,1,368.0,368.0,7,short
2017-05-22 15:52:54+00:00,2017-05-22 15:52:54+00:00,0.0,1,434.8,434.8,7,short
2017-05-22 16:52:53+00:00,2017-05-22 16:52:53+00:00,0.0,1,506.7,506.7,7,short
2017-05-22 17:52:54+00:00,2017-05-22 17:52:54+00:00,0.0,1,425.3,425.3,7,short
2017-05-22 18:52:54+00:00,2017-05-22 18:52:54+00:00,0.0,1,546.2,546.2,7,short
2017-05-22 19:52:54+00:00,2017-05-22 19:52:54+00:00,0.0,1,524.1,524.1,7,short
2017-05-22 20:52:54+00:00,2017-05-22 20:52:54+00:00,0.0,1,710.9,710.9,7,short
2017-05-22 21:52:53+00:00,2017-05-22 21:52:53+00:00,0.0,1,461.3,461.3,7,short
2017-05-22 22:52:53+00:00,2017-05-22 22:52:53+00:00,0.0,1,402.2,402.2,7,short
2017-05-22 23:52:54+00:00,2017-05-22 23:52:54+00:00,0.0,1,403.3,403.3,7,short
2017-05-23 00:52:54+00:00,2017-05-23 00:52:54+00:00,0.0,1,446.9,446.9,7,short
2017-05-23 01:52:53+00:00,2017-05-23 01:52:53+00:00,0.0,1,506.5,506.5,7,short
2017-05-23 02:52:53+00:00,2017-05-23 02:52:53+00:00,0.0,1,324.4,324.4,7,short
2017-05-23 03:52:53+00:00,2017-05-23 03:52:53+00:00,0.0,1,449.9,449.9,7,short
2017-05-23 04:52:53+00:00,2017-05-23 04:52:53+00:00,0.0,1,433.6,433.6,7,short
2017-06-09 15:52:53+00:00,2017-06-09 15:52:53+00:00,0.0,1,417.4,417.4,7,short
2017-06-09 19:52:54+00:00,2017-06-09 19:52:54+00:00,0.0,1,332.3,332.3,7,short
2017-07-30 16:52:54+00:00,2017-07-30 16:52:54+00:00,0.0,1,604.8,604.8,7,short
2017-07-30 17:52:54+00:00,2017-07-30 17:52:54+00:00,0.0,1,1045.9,1045.9,7,short
2017-07-30 18:52:54+00:00,2017-07-30 18:52:54+00:00,0.0,1,981.8,981.8,7,short
2017-07-30 19:52:54+00:00,2017-07-30 19:52:54+00:00,0.0,1,915.6,915.6,7,short
2017-07-30 20:52:53+00:00,2017-07-30 20:52:53+00:00,0.0,1,708.9,708.9,7,short
2017-07-30 21:52:54+00:00,2017-07-30 21:52:54+00:00,0.0,1,668.3,668.3,7,short
2017-07-30 22:52:54+00:00,2017-07-30 22:52:54+00:00,0.0,1,534.2,534.2,7,short
2017-07-30 23:52:53+00:00,2017-07-30 23:52:53+00:00,0.0,1,416.3,416.3,7,short
2017-07-31 00:52:53+00:00,2017-07-31 00:52:53+00:00,0.0,1,464.5,464.5,7,short
2017-07-31 01:52:53+00:00,2017-07-31 01:52:53+00:00,0.0,1,398.1,398.1,7,short
2017-07-31 02:52:53+00:00,2017-07-31 02:52:53+00:00,0.0,1,416.6,416.6,7,short
2017-07-31 03:52:53+00:00,2017-07-31 03:52:53+00:00,0.0,1,417.4,417.4,7,short
2017-07-31 04:52:53+00:00,2017-07-31 04:52:53+00:00,0.0,1,330.2,330.2,7,short
2017-08-31 01:52:54+00:00,2017-08-31 01:52:54+00:00,0.0,1,523.2,523.2,7,short
2017-08-31 02:52:53+00:00,2017-08-31 02:52:53+00:00,0.0,1,637.2,637.2,7,short
2017-08-31 03:52:53+00:00,2017-08-31 03:52:53+00:00,0.0,1,342.5,342.5,7,short
2017-08-31 04:52:53+00:00,2017-08-31 04:52:53+00:00,0.0,1,341.4,341.4,7,short
2017-08-31 05:52:54+00:00,2017-08-31 05:52:54+00:00,0.0,1,332.7,332.7,7,short
2017-08-31 07:52:53+00:00,2017-08-31 07:52:53+00:00,0.0,1,405.5,405.5,7,short
2017-08-31 08:52:54+00:00,2017-08-31 08:52:54+00:00,0.0,1,397.9,397.9,7,short
2017-09-07 04:52:53+00:00,2017-09-07 04:52:53+00:00,0.0,1,345.9,345.9,7,short
2017-09-07 06:52:54+00:00,2017-09-07 06:52:54+00:00,0.0,1,452.0,452.0,7,short
2017-09-07 09:52:54+00:00,2017-09-07 09:52:54+00:00,0.0,1,364.1,364.1,7,short
2017-09-07 10:52:53+00:00,2017-09-07 10:52:53+00:00,0.0,1,607.9,607.9,7,short
2017-09-07 11:52:53+00:00,2017-09-07 11:52:53+00:00,0.0,1,583.0,583.0,7,short
2017-09-07 12:52:54+00:00,2017-09-07 12:52:54+00:00,0.0,1,842.4,842.4,7,short
2017-09-07 13:52:54+00:00,2017-09-07 13:52:54+00:00,0.0,1,534.3,534.3,7,short
2017-09-07 14:52:54+00:00,2017-09-07 14:52:54+00:00,0.0,1,602.0,602.0,7,short
2017-09-07 15:52:53+00:00,2017-09-07 15:52:53+00:00,0.0,1,559.2,559.2,7,short
2017-09-07 16:52:53+00:00,2017-09-07 16:52:53+00:00,0.0,1,639.7,639.7,7,short
2017-09-07 17:52:53+00:00,2017-09-07 17:52:53+00:00,0.0,1,450.3,450.3,7,short
2017-09-07 18:52:54+00:00,2017-09-07 18:52:54+00:00,0.0,1,344.2,344.2,7,short
2017-09-07 19:52:54+00:00,2017-09-07 19:52:54+00:00,0.0,1,488.6,488.6,7,short
2017-09-07 20:52:54+00:00,2017-09-07 20:52:54+00:00,0.0,1,576.1,576.1,7,short
2017-09-07 22:52:53+00:00,2017-09-07 22:52:53+00:00,0.0,1,326.8,326.8,7,short
2017-09-07 23:52:54+00:00,2017-09-07 23:52:54+00:00,0.0,1,332.7,332.7,7,short
2018-05-07 09:00:53+00:00,2018-05-07 09:00:53+00:00,0.0,1,365.4,365.4,10,short
2018-05-07 10:00:53+00:00,2018-05-07 10:00:53+00:00,0.0,1,451.4,451.4,10,short
2018-07-11 11:00:54+00:00,2018-07-11 11:00:54+00:00,0.0,1,371.7,371.7,10,short
2018-08-08 10:00:54+00:00,2018-08-08 10:00:54+00:00,0.0,1,323.1,323.1,10,short
2018-08-08 21:00:54+00:00,2018-08-08 21:00:54+00:00,0.0,1,321.9,321.9,10,short
2018-08-08 22:00:54+00:00,2018-08-08 22:00:54+00:00,0.0,1,321.4,321.4,10,short
2018-08-09 07:00:54+00:00,2018-08-09 07:00:54+00:00,0.0,1,352.8,352.8,10,short
2018-08-09 09:00:54+00:00,2018-08-09 09:00:54+00:00,0.0,1,328.0,328.0,10,short
2018-08-09 13:00:54+00:00,2018-08-09 13:00:54+00:00,0.0,1,360.2,360.2,10,short
2018-08-09 14:00:54+00:00,2018-08-09 14:00:54+00:00,0.0,1,431.1,431.1,10,short
2018-08-09 15:00:54+00:00,2018-08-09 15:00:54+00:00,0.0,1,432.0,432.0,10,short
2018-08-09 16:00:54+00:00,2018-08-09 16:00:54+00:00,0.0,1,499.0,499.0,10,short
2018-08-09 17:00:54+00:00,2018-08-09 17:00:54+00:00,0.0,1,803.4,803.4,10,short
2018-08-09 18:00:54+00:00,2018-08-09 18:00:54+00:00,0.0,1,549.3,549.3,10,short
2018-08-09 19:00:54+00:00,2018-08-09 19:00:54+00:00,0.0,1,642.9,642.9,10,short
2018-08-09 20:00:54+00:00,2018-08-09 20:00:54+00:00,0.0,1,594.7,594.7,10,short
2018-08-09 21:00:54+00:00,2018-08-09 21:00:54+00:00,0.0,1,565.3,565.3,10,short
2018-08-09 22:00:54+00:00,2018-08-09 22:00:54+00:00,0.0,1,393.1,393.1,10,short
2018-08-09 23:00:54+00:00,2018-08-09 23:00:54+00:00,0.0,1,359.8,359.8,10,short
2018-08-10 00:00:54+00:00,2018-08-10 00:00:54+00:00,0.0,1,356.7,356.7,10,short
2018-08-10 02:00:54+00:00,2018-08-10 02:00:54+00:00,0.0,1,351.1,351.1,10,short
2018-08-10 08:00:54+00:00,2018-08-10 08:00:54+00:00,0.0,1,476.0,476.0,10,short
2018-08-10 09:00:54+00:00,2018-08-10 09:00:54+00:00,0.0,1,348.3,348.3,10,short
2018-08-10 10:00:54+00:00,2018-08-10 10:00:54+00:00,0.0,1,328.4,328.4,10,short
2018-08-10 11:00:54+00:00,2018-08-10 11:00:54+00:00,0.0,1,342.1,342.1,10,short
2018-10-14 21:00:54+00:00,2018-10-14 21:00:54+00:00,0.0,1,584.7,584.7,10,short
2018-10-14 22:00:54+00:00,2018-10-14 22:00:54+00:00,0.0,1,539.6,539.6,10,short
2018-10-14 23:00:54+00:00,2018-10-14 23:00:54+00:00,0.0,1,465.5,465.5,10,short
2018-10-15 00:00:54+00:00,2018-10-15 00:00:54+00:00,0.0,1,402.8,402.8,10,short
2018-10-15 01:00:54+00:00,2018-10-15 01:00:54+00:00,0.0,1,410.7,410.7,10,short
2018-10-15 08:00:55+00:00,2018-10-15 08:00:55+00:00,0.0,1,375.7,375.7,10,short
2018-10-15 09:00:54+00:00,2018-10-15 09:00:54+00:00,0.0,1,425.3,425.3,10,short
2018-10-15 10:00:54+00:00,2018-10-15 10:00:54+00:00,0.0,1,333.9,333.9,10,short
2018-10-15 11:00:54+00:00,2018-10-15 11:00:54+00:00,0.0,1,341.0,341.0,10,short
2018-10-15 12:00:54+00:00,2018-10-15 12:00:54+00:00,0.0,1,504.4,504.4,10,short
2018-10-15 13:00:54+00:00,2018-10-15 13:00:54+00:00,0.0,1,585.9,585.9,10,short
2018-10-15 14:00:54+00:00,2018-10-15 14:00:54+00:00,0.0,1,413.2,413.2,10,short
2018-10-15 15:00:55+00:00,2018-10-15 15:00:55+00:00,0.0,1,464.7,464.7,10,short
2018-10-15 16:00:55+00:00,2018-10-15 16:00:55+00:00,0.0,1,519.3,519.3,10,short
2018-10-15 17:00:55+00:00,2018-10-15 17:00:55+00:00,0.0,1,344.1,344.1,10,short
2018-10-15 18:00:54+00:00,2018-10-15 18:00:54+00:00,0.0,1,398.3,398.3,10,short
2018-10-16 00:00:54+00:00,2018-10-16 00:00:54+00:00,0.0,1,443.9,443.9,10,short
2018-10-16 06:00:55+00:00,2018-10-16 06:00:55+00:00,0.0,1,349.9,349.9,10,short
2018-10-16 08:00:54+00:00,2018-10-16 08:00:54+00:00,0.0,1,396.7,396.7,10,short
2018-10-16 09:00:55+00:00,2018-10-16 09:00:55+00:00,0.0,1,352.6,352.6,10,short
2018-10-16 11:00:55+00:00,2018-10-16 11:00:55+00:00,0.0,1,510.4,510.4,10,short
2018-10-16 12:00:55+00:00,2018-10-16 12:00:55+00:00,0.0,1,331.7,331.7,10,short
2018-10-16 13:00:54+00:00,2018-10-16 13:00:54+00:00,0.0,1,355.8,355.8,10,short
2018-10-16 14:00:55+00:00,2018-10-16 14:00:55+00:00,0.0,1,327.0,327.0,10,short
2018-10-16 15:00:55+00:00,2018-10-16 15:00:55+00:00,0.0,1,322.9,322.9,10,short
2019-06-30 09:00:53+00:00,2019-06-30 09:00:53+00:00,0.0,1,339.4,339.4,11,short
2019-08-07 09:00:52+00:00,2019-08-07 09:00:52+00:00,0.0,1,345.0,345.0,11,short
2019-09-14 07:00:54+00:00,2019-09-14 07:00:54+00:00,0.0,1,445.7,445.7,11,short
2019-09-14 08:00:54+00:00,2019-09-14 08:00:54+00:00,0.0,1,340.6,340.6,11,short
2019-09-19 12:00:54+00:00,2019-09-19 12:00:54+00:00,0.0,1,320.9,320.9,11,short
2019-09-19 14:00:54+00:00,2019-09-19 14:00:54+00:00,0.0,1,460.9,460.9,11,short
2019-09-19 15:00:54+00:00,2019-09-19 15:00:54+00:00,0.0,1,648.3,648.3,11,short
2019-09-19 16:00:54+00:00,2019-09-19 16:00:54+00:00,0.0,1,720.5,720.5,11,short
2019-09-19 17:00:54+00:00,2019-09-19 17:00:54+00:00,0.0,1,583.8,583.8,11,short
2019-09-19 18:00:54+00:00,2019-09-19 18:00:54+00:00,0.0,1,472.2,472.2,11,short
2019-09-19 19:00:54+00:00,2019-09-19 19:00:54+00:00,0.0,1,358.9,358.9,11,short
2019-09-21 06:00:54+00:00,2019-09-21 06:00:54+00:00,0.0,1,389.7,389.7,11,short
2019-09-21 07:00:54+00:00,2019-09-21 07:00:54+00:00,0.0,1,1302.6,1302.6,11,short
2019-09-21 08:00:54+00:00,2019-09-21 08:00:54+00:00,0.0,1,795.6,795.6,11,short
2019-09-21 09:00:54+00:00,2019-09-21 09:00:54+00:00,0.0,1,827.5,827.5,11,short
2019-09-21 10:00:54+00:00,2019-09-21 10:00:54+00:00,0.0,1,1299.1,1299.1,11,short
2019-09-21 11:00:54+00:00,2019-09-21 11:00:54+00:00,0.0,1,1241.6,1241.6,11,short
2019-09-21 12:00:54+00:00,2019-09-21 12:00:54+00:00,0.0,1,1256.5,1256.5,11,short
2019-09-21 13:00:54+00:00,2019-09-21 13:00:54+00:00,0.0,1,1043.8,1043.8,11,short
2019-09-21 14:00:54+00:00,2019-09-21 14:00:54+00:00,0.0,1,842.3,842.3,11,short
2019-09-21 15:00:54+00:00,2019-09-21 15:00:54+00:00,0.0,1,918.8,918.8,11,short
2019-09-21 16:00:54+00:00,2019-09-21 16:00:54+00:00,0.0,1,569.6,569.6,11,short
2019-09-21 17:00:54+00:00,2019-09-21 17:00:54+00:00,0.0,1,592.2,592.2,11,short
2019-09-21 18:00:54+00:00,2019-09-21 18:00:54+00:00,0.0,1,543.5,543.5,11,short
2019-09-21 19:00:54+00:00,2019-09-21 19:00:54+00:00,0.0,1,404.1,404.1,11,short
2019-09-21 20:00:54+00:00,2019-09-21 20:00:54+00:00,0.0,1,559.3,559.3,11,short
2019-09-21 22:00:54+00:00,2019-09-21 22:00:54+00:00,0.0,1,377.4,377.4,11,short
2019-09-21 23:00:54+00:00,2019-09-21 23:00:54+00:00,0.0,1,407.5,407.5,11,short
2019-09-22 00:00:54+00:00,2019-09-22 00:00:54+00:00,0.0,1,333.3,333.3,11,short
2019-09-22 01:00:54+00:00,2019-09-22 01:00:54+00:00,0.0,1,414.4,414.4,11,short
2019-09-22 02:00:54+00:00,2019-09-22 02:00:54+00:00,0.0,1,404.7,404.7,11,short
2019-09-22 03:00:54+00:00,2019-09-22 03:00:54+00:00,0.0,1,454.1,454.1,11,short
2019-09-22 04:00:54+00:00,2019-09-22 04:00:54+00:00,0.0,1,447.0,447.0,11,short
2019-09-22 06:00:54+00:00,2019-09-22 06:00:54+00:00,0.0,1,420.1,420.1,11,short
2019-11-22 03:00:54+00:00,2019-11-22 03:00:54+00:00,0.0,1,564.8,564.8,11,short
2019-11-22 04:00:54+00:00,2019-11-22 04:00:54+00:00,0.0,1,462.2,462.2,11,short
2020-06-13 23:00:54+00:00,2020-06-13 23:00:54+00:00,0.0,1,321.3,321.3,12,short
2020-10-03 12:00:54+00:00,2020-10-03 12:00:54+00:00,0.0,1,345.2,345.2,12,short
2021-08-13 09:00:00+00:00,2021-08-13 09:00:00+00:00,0.0,1,353.6,353.6,13,short
2021-08-13 14:00:00+00:00,2021-08-13 14:00:00+00:00,0.0,1,361.3,361.3,13,short
2021-08-13 16:00:00+00:00,2021-08-13 16:00:00+00:00,0.0,1,367.4,367.4,13,short
2021-08-13 18:00:00+00:00,2021-08-13 18:00:00+00:00,0.0,1,388.9,388.9,13,short
2021-08-13 19:00:00+00:00,2021-08-13 19:00:00+00:00,0.0,1,533.4,533.4,13,short
2021-08-13 20:00:00+00:00,2021-08-13 20:00:00+00:00,0.0,1,705.0,705.0,13,short
2021-08-13 21:00:00+00:00,2021-08-13 21:00:00+00:00,0.0,1,835.9,835.9,13,short
2021-08-13 22:00:00+00:00,2021-08-13 22:00:00+00:00,0.0,1,825.0,825.0,13,short
2021-08-13 23:00:00+00:00,2021-08-13 23:00:00+00:00,0.0,1,775.9,775.9,13,short
2021-08-14 00:00:00+00:00,2021-08-14 00:00:00+00:00,0.0,1,707.7,707.7,13,short
2021-08-14 01:00:00+00:00,2021-08-14 01:00:00+00:00,0.0,1,569.5,569.5,13,short
2021-08-14 02:00:00+00:00,2021-08-14 02:00:00+00:00,0.0,1,610.3,610.3,13,short
2021-08-14 03:00:00+00:00,2021-08-14 03:00:00+00:00,0.0,1,580.5,580.5,13,short
2021-08-14 04:00:00+00:00,2021-08-14 04:00:00+00:00,0.0,1,500.0,500.0,13,short
2021-08-14 05:00:00+00:00,2021-08-14 05:00:00+00:00,0.0,1,400.9,400.9,13,short
2021-08-14 06:00:00+00:00,2021-08-14 06:00:00+00:00,0.0,1,325.5,325.5,13,short
2021-08-14 07:00:00+00:00,2021-08-14 07:00:00+00:00,0.0,1,374.1,374.1,13,short
2021-08-14 08:00:00+00:00,2021-08-14 08:00:00+00:00,0.0,1,452.9,452.9,13,short
2021-08-14 10:00:00+00:00,2021-08-14 10:00:00+00:00,0.0,1,395.0,395.0,13,short
2021-09-07 17:00:00+00:00,2021-09-07 17:00:00+00:00,0.0,1,526.3,526.3,14,short
2021-10-10 16:00:00+00:00,2021-10-10 16:00:00+00:00,0.0,1,402.2,402.2,14,short
2022-08-17 21:00:00+00:00,2022-08-17 21:00:00+00:00,0.0,1,402.9,402.9,15,short
2022-08-17 22:00:00+00:00,2022-08-17 22:00:00+00:00,0.0,1,523.3,523.3,15,short
2022-08-17 23:00:00+00:00,2022-08-17 23:00:00+00:00,0.0,1,715.3,715.3,15,short
2022-08-18 00:00:00+00:00,2022-08-18 00:00:00+00:00,0.0,1,645.1,645.1,15,short
2022-08-18 01:00:00+00:00,2022-08-18 01:00:00+00:00,0.0,1,539.9,539.9,15,short
2022-08-18 02:00:00+00:00,2022-08-18 02:00:00+00:00,0.0,1,486.9,486.9,15,short
2022-08-18 03:00:00+00:00,2022-08-18 03:00:00+00:00,0.0,1,390.2,390.2,15,short
2022-08-18 04:00:00+00:00,2022-08-18 04:00:00+00:00,0.0,1,379.9,379.9,15,short
2022-08-18 06:00:00+00:00,2022-08-18 06:00:00+00:00,0.0,1,324.6,324.6,15,short
2022-09-10 08:00:00+00:00,2022-09-10 08:00:00+00:00,0.0,1,369.5,369.5,15,short
2022-09-26 20:00:00+00:00,2022-09-26 20:00:00+00:00,0.0,1,435.0,435.0,15,short
2022-09-26 21:00:00+00:00,2022-09-26 21:00:00+00:00,0.0,1,598.6,598.6,15,short
2022-09-26 22:00:00+00:00,2022-09-26 22:00:00+00:00,0.0,1,963.7,963.7,15,short
2022-09-26 23:00:00+00:00,2022-09-26 23:00:00+00:00,0.0,1,1081.2,1081.2,15,short
2022-09-27 00:00:00+00:00,2022-09-27 00:00:00+00:00,0.0,1,1259.7,1259.7,15,short
2022-09-27 01:00:00+00:00,2022-09-27 01:00:00+00:00,0.0,1,1229.2,1229.2,15,short
2022-09-27 02:00:00+00:00,2022-09-27 02:00:00+00:00,0.0,1,1200.7,1200.7,15,short
2022-09-27 03:00:00+00:00,2022-09-27 03:00:00+00:00,0.0,1,1181.9,1181.9,15,short
2022-09-27 04:00:00+00:00,2022-09-27 04:00:00+00:00,0.0,1,1129.4,1129.4,15,short
2022-09-27 05:00:00+00:00,2022-09-27 05:00:00+00:00,0.0,1,994.2,994.2,15,short
2022-09-27 06:00:00+00:00,2022-09-27 06:00:00+00:00,0.0,1,940.7,940.7,15,short
2022-09-27 07:00:00+00:00,2022-09-27 07:00:00+00:00,0.0,1,831.3,831.3,15,short
2022-09-27 08:00:00+00:00,2022-09-27 08:00:00+00:00,0.0,1,763.4,763.4,15,short
2022-09-27 09:00:00+00:00,2022-09-27 09:00:00+00:00,0.0,1,656.8,656.8,15,short
2022-09-27 10:00:00+00:00,2022-09-27 10:00:00+00:00,0.0,1,630.3,630.3,15,short
2022-09-27 11:00:00+00:00,2022-09-27 11:00:00+00:00,0.0,1,559.3,559.3,15,short
2022-09-27 12:00:00+00:00,2022-09-27 12:00:00+00:00,0.0,1,533.6,533.6,15,short
2022-09-27 13:00:00+00:00,2022-09-27 13:00:00+00:00,0.0,1,552.7,552.7,15,short
2022-09-27 14:00:00+00:00,2022-09-27 14:00:00+00:00,0.0,1,508.6,508.6,15,short
2022-09-27 15:00:00+00:00,2022-09-27 15:00:00+00:00,0.0,1,469.0,469.0,15,short
2022-09-27 16:00:00+00:00,2022-09-27 16:00:00+00:00,0.0,1,481.9,481.9,15,short
2022-09-27 17:00:00+00:00,2022-09-27 17:00:00+00:00,0.0,1,331.2,331.2,15,short
2022-09-27 18:00:00+00:00,2022-09-27 18:00:00+00:00,0.0,1,390.1,390.1,15,short
2022-09-27 19:00:00+00:00,2022-09-27 19:00:00+00:00,0.0,1,343.6,343.6,15,short
2022-09-27 20:00:00+00:00,2022-09-27 20:00:00+00:00,0.0,1,327.5,327.5,15,short
2022-09-27 21:00:00+00:00,2022-09-27 21:00:00+00:00,0.0,1,326.1,326.1,15,short
2022-09-28 13:00:00+00:00,2022-09-28 13:00:00+00:00,0.0,1,406.3,406.3,15,short
2022-10-01 14:00:00+00:00,2022-10-01 14:00:00+00:00,0.0,1,391.6,391.6,15,short
2022-10-01 15:00:00+00:00,2022-10-01 15:00:00+00:00,0.0,1,472.6,472.6,15,short
2022-10-01 16:00:00+00:00,2022-10-01 16:00:00+00:00,0.0,1,568.4,568.4,15,short
2022-10-01 17:00:00+00:00,2022-10-01 17:00:00+00:00,0.0,1,643.2,643.2,15,short
2022-10-01 18:00:00+00:00,2022-10-01 18:00:00+00:00,0.0,1,695.4,695.4,15,short
2022-10-01 19:00:00+00:00,2022-10-01 19:00:00+00:00,0.0,1,657.5,657.5,15,short
2022-10-01 20:00:00+00:00,2022-10-01 20:00:00+00:00,0.0,1,609.1,609.1,15,short
2022-10-01 21:00:00+00:00,2022-10-01 21:00:00+00:00,0.0,1,548.2,548.2,15,short
2022-10-01 22:00:00+00:00,2022-10-01 22:00:00+00:00,0.0,1,477.0,477.0,15,short
2022-10-01 23:00:00+00:00,2022-10-01 23:00:00+00:00,0.0,1,441.7,441.7,15,short
2022-10-02 00:00:00+00:00,2022-10-02 00:00:00+00:00,0.0,1,388.9,388.9,15,short
2022-10-02 01:00:00+00:00,2022-10-02 01:00:00+00:00,0.0,1,354.1,354.1,15,short
2022-10-02 03:00:00+00:00,2022-10-02 03:00:00+00:00,0.0,1,367.4,367.4,15,short
2022-10-10 00:00:00+00:00,2022-10-10 00:00:00+00:00,0.0,1,374.4,374.4,15,short
2022-10-10 01:00:00+00:00,2022-10-10 01:00:00+00:00,0.0,1,333.3,333.3,15,short
2022-10-10 02:00:00+00:00,2022-10-10 02:00:00+00:00,0.0,1,353.5,353.5,15,short
2022-10-13 14:00:00+00:00,2022-10-13 14:00:00+00:00,0.0,1,351.9,351.9,15,short
2022-10-13 15:00:00+00:00,2022-10-13 15:00:00+00:00,0.0,1,378.4,378.4,15,short
2022-10-13 16:00:00+00:00,2022-10-13 16:00:00+00:00,0.0,1,383.0,383.0,15,short
2022-10-13 17:00:00+00:00,2022-10-13 17:00:00+00:00,0.0,1,387.2,387.2,15,short
2022-10-13 18:00:00+00:00,2022-10-13 18:00:00+00:00,0.0,1,397.9,397.9,15,short
2022-10-13 19:00:00+00:00,2022-10-13 19:00:00+00:00,0.0,1,421.3,421.3,15,short
2022-10-13 20:00:00+00:00,2022-10-13 20:00:00+00:00,0.0,1,453.5,453.5,15,short
2022-10-13 21:00:00+00:00,2022-10-13 21:00:00+00:00,0.0,1,435.4,435.4,15,short
2022-10-13 22:00:00+00:00,2022-10-13 22:00:00+00:00,0.0,1,412.8,412.8,15,short
2022-10-13 23:00:00+00:00,2022-10-13 23:00:00+00:00,0.0,1,450.2,450.2,15,short
2022-10-14 00:00:00+00:00,2022-10-14 00:00:00+00:00,0.0,1,414.0,414.0,15,short
2022-10-14 01:00:00+00:00,2022-10-14 01:00:00+00:00,0.0,1,407.7,407.7,15,short
2022-10-14 02:00:00+00:00,2022-10-14 02:00:00+00:00,0.0,1,389.5,389.5,15,short
2022-10-14 03:00:00+00:00,2022-10-14 03:00:00+00:00,0.0,1,371.8,371.8,15,short
2022-10-14 04:00:00+00:00,2022-10-14 04:00:00+00:00,0.0,1,354.0,354.0,15,short
2022-10-14 05:00:00+00:00,2022-10-14 05:00:00+00:00,0.0,1,357.5,357.5,15,short
2022-10-14 06:00:00+00:00,2022-10-14 06:00:00+00:00,0.0,1,344.3,344.3,15,short
2022-10-14 07:00:00+00:00,2022-10-14 07:00:00+00:00,0.0,1,319.9,319.9,15,short
2023-04-28 00:00:00+00:00,2023-04-28 00:00:00+00:00,0.0,1,1158.3,1158.3,16,short
2023-05-05 23:00:00+00:00,2023-05-05 23:00:00+00:00,0.0,1,341.3,341.3,16,short
2023-06-05 03:00:00+00:00,2023-06-05 03:00:00+00:00,0.0,1,395.1,395.1,16,short
2023-06-27 03:00:00+00:00,2023-06-27 03:00:00+00:00,0.0,1,366.6,366.6,16,short
2023-06-27 07:00:00+00:00,2023-06-27 07:00:00+00:00,0.0,1,373.3,373.3,16,short
2023-07-03 07:00:00+00:00,2023-07-03 07:00:00+00:00,0.0,1,348.6,348.6,16,short
2023-07-03 08:00:00+00:00,2023-07-03 08:00:00+00:00,0.0,1,406.7,406.7,16,short
2023-07-03 09:00:00+00:00,2023-07-03 09:00:00+00:00,0.0,1,390.8,390.8,16,short
2023-07-03 10:00:00+00:00,2023-07-03 10:00:00+00:00,0.0,1,407.9,407.9,16,short
2023-07-03 11:00:00+00:00,2023-07-03 11:00:00+00:00,0.0,1,336.3,336.3,16,short
2023-07-03 12:00:00+00:00,2023-07-03 12:00:00+00:00,0.0,1,406.6,406.6,16,short
2023-07-03 13:00:00+00:00,2023-07-03 13:00:00+00:00,0.0,1,393.8,393.8,16,short
2023-07-03 15:00:00+00:00,2023-07-03 15:00:00+00:00,0.0,1,382.2,382.2,16,short
2023-07-03 16:00:00+00:00,2023-07-03 16:00:00+00:00,0.0,1,374.1,374.1,16,short
2023-07-03 17:00:00+00:00,2023-07-03 17:00:00+00:00,0.0,1,346.7,346.7,16,short
2023-07-03 20:00:00+00:00,2023-07-03 20:00:00+00:00,0.0,1,1046.9,1046.9,16,short
2023-07-03 21:00:00+00:00,2023-07-03 21:00:00+00:00,0.0,1,383.1,383.1,16,short
2023-07-04 07:00:00+00:00,2023-07-04 07:00:00+00:00,0.0,1,537.8,537.8,16,short
2023-07-04 08:00:00+00:00,2023-07-04 08:00:00+00:00,0.0,1,490.4,490.4,16,short
2023-07-04 09:00:00+00:00,2023-07-04 09:00:00+00:00,0.0,1,426.0,426.0,16,short
2023-07-04 10:00:00+00:00,2023-07-04 10:00:00+00:00,0.0,1,533.6,533.6,16,short
2023-07-04 11:00:00+00:00,2023-07-04 11:00:00+00:00,0.0,1,409.7,409.7,16,short
2023-07-04 12:00:00+00:00,2023-07-04 12:00:00+00:00,0.0,1,482.9,482.9,16,short
2023-07-04 13:00:00+00:00,2023-07-04 13:00:00+00:00,0.0,1,515.6,515.6,16,short
2023-07-04 14:00:00+00:00,2023-07-04 14:00:00+00:00,0.0,1,428.5,428.5,16,short
2023-07-04 15:00:00+00:00,2023-07-04 15:00:00+00:00,0.0,1,429.1,429.1,16,short
2023-07-04 16:00:00+00:00,2023-07-04 16:00:00+00:00,0.0,1,339.6,339.6,16,short
2023-07-04 17:00:00+00:00,2023-07-04 17:00:00+00:00,0.0,1,472.4,472.4,16,short
2023-07-04 18:00:00+00:00,2023-07-04 18:00:00+00:00,0.0,1,431.7,431.7,16,short
2023-07-04 20:00:00+00:00,2023-07-04 20:00:00+00:00,0.0,1,367.6,367.6,16,short
2023-07-04 21:00:00+00:00,2023-07-04 21:00:00+00:00,0.0,1,424.1,424.1,16,short
2023-07-04 22:00:00+00:00,2023-07-04 22:00:00+00:00,0.0,1,399.3,399.3,16,short
2023-07-04 23:00:00+00:00,2023-07-04 23:00:00+00:00,0.0,1,399.4,399.4,16,short
2023-07-05 00:00:00+00:00,2023-07-05 00:00:00+00:00,0.0,1,398.1,398.1,16,short
2023-07-05 02:00:00+00:00,2023-07-05 02:00:00+00:00,0.0,1,394.5,394.5,16,short
2023-07-05 03:00:00+00:00,2023-07-05 03:00:00+00:00,0.0,1,418.3,418.3,16,short
2023-07-05 04:00:00+00:00,2023-07-05 04:00:00+00:00,0.0,1,401.3,401.3,16,short
2023-07-05 05:00:00+00:00,2023-07-05 05:00:00+00:00,0.0,1,423.7,423.7,16,short
2023-07-05 06:00:00+00:00,2023-07-05 06:00:00+00:00,0.0,1,489.5,489.5,16,short
2023-07-05 07:00:00+00:00,2023-07-05 07:00:00+00:00,0.0,1,494.1,494.1,16,short
2023-07-05 08:00:00+00:00,2023-07-05 08:00:00+00:00,0.0,1,398.6,398.6,16,short
2023-07-05 09:00:00+00:00,2023-07-05 09:00:00+00:00,0.0,1,345.2,345.2,16,short
2023-07-05 12:00:00+00:00,2023-07-05 12:00:00+00:00,0.0,1,468.6,468.6,16,short
2023-07-05 13:00:00+00:00,2023-07-05 13:00:00+00:00,0.0,1,488.5,488.5,16,short
2023-07-05 14:00:00+00:00,2023-07-05 14:00:00+00:00,0.0,1,477.2,477.2,16,short
2023-07-05 15:00:00+00:00,2023-07-05 15:00:00+00:00,0.0,1,484.3,484.3,16,short
2023-07-05 16:00:00+00:00,2023-07-05 16:00:00+00:00,0.0,1,500.0,500.0,16,short
2023-07-05 17:00:00+00:00,2023-07-05 17:00:00+00:00,0.0,1,435.5,435.5,16,short
2023-07-05 18:00:00+00:00,2023-07-05 18:00:00+00:00,0.0,1,441.7,441.7,16,short
2023-07-06 19:00:00+00:00,2023-07-06 19:00:00+00:00,0.0,1,417.5,417.5,16,short
2023-07-06 20:00:00+00:00,2023-07-06 20:00:00+00:00,0.0,1,322.6,322.6,16,short
2023-07-06 21:00:00+00:00,2023-07-06 21:00:00+00:00,0.0,1,413.7,413.7,16,short
2023-07-06 22:00:00+00:00,2023-07-06 22:00:00+00:00,0.0,1,433.2,433.2,16,short
2023-07-06 23:00:00+00:00,2023-07-06 23:00:00+00:00,0.0,1,346.2,346.2,16,short
2023-07-07 00:00:00+00:00,2023-07-07 00:00:00+00:00,0.0,1,377.6,377.6,16,short
2023-07-07 02:00:00+00:00,2023-07-07 02:00:00+00:00,0.0,1,349.0,349.0,16,short
2023-07-07 03:00:00+00:00,2023-07-07 03:00:00+00:00,0.0,1,378.1,378.1,16,short
2023-07-07 05:00:00+00:00,2023-07-07 05:00:00+00:00,0.0,1,449.7,449.7,16,short
2023-07-07 06:00:00+00:00,2023-07-07 06:00:00+00:00,0.0,1,351.1,351.1,16,short
2023-07-08 14:00:00+00:00,2023-07-08 14:00:00+00:00,0.0,1,325.9,325.9,16,short
2023-07-11 19:00:00+00:00,2023-07-11 19:00:00+00:00,0.0,1,323.4,323.4,16,short
2023-07-11 21:00:00+00:00,2023-07-11 21:00:00+00:00,0.0,1,364.1,364.1,16,short
2023-07-11 23:00:00+00:00,2023-07-11 23:00:00+00:00,0.0,1,356.5,356.5,16,short
2023-07-12 00:00:00+00:00,2023-07-12 00:00:00+00:00,0.0,1,353.3,353.3,16,short
2023-07-12 01:00:00+00:00,2023-07-12 01:00:00+00:00,0.0,1,337.4,337.4,16,short
2023-07-12 03:00:00+00:00,2023-07-12 03:00:00+00:00,0.0,1,322.5,322.5,16,short
2023-07-12 04:00:00+00:00,2023-07-12 04:00:00+00:00,0.0,1,384.7,384.7,16,short
2023-07-12 05:00:00+00:00,2023-07-12 05:00:00+00:00,0.0,1,324.7,324.7,16,short
2023-07-12 06:00:00+00:00,2023-07-12 06:00:00+00:00,0.0,1,331.9,331.9,16,short
2023-07-12 07:00:00+00:00,2023-07-12 07:00:00+00:00,0.0,1,368.1,368.1,16,short
2023-07-12 08:00:00+00:00,2023-07-12 08:00:00+00:00,0.0,1,379.9,379.9,16,short
2023-07-12 11:00:00+00:00,2023-07-12 11:00:00+00:00,0.0,1,346.2,346.2,16,short
2023-07-12 13:00:00+00:00,2023-07-12 13:00:00+00:00,0.0,1,392.1,392.1,16,short
2023-07-12 15:00:00+00:00,2023-07-12 15:00:00+00:00,0.0,1,389.0,389.0,16,short
2023-07-12 16:00:00+00:00,2023-07-12 16:00:00+00:00,0.0,1,325.5,325.5,16,short
2023-07-12 17:00:00+00:00,2023-07-12 17:00:00+00:00,0.0,1,420.1,420.1,16,short
2023-07-12 18:00:00+00:00,2023-07-12 18:00:00+00:00,0.0,1,324.9,324.9,16,short
2023-07-12 20:00:00+00:00,2023-07-12 20:00:00+00:00,0.0,1,441.0,441.0,16,short
2023-07-12 21:00:00+00:00,2023-07-12 21:00:00+00:00,0.0,1,355.9,355.9,16,short
2023-07-12 22:00:00+00:00,2023-07-12 22:00:00+00:00,0.0,1,372.2,372.2,16,short
2023-07-12 23:00:00+00:00,2023-07-12 23:00:00+00:00,0.0,1,330.6,330.6,16,short
2023-07-13 00:00:00+00:00,2023-07-13 00:00:00+00:00,0.0,1,409.1,409.1,16,short
2023-07-13 01:00:00+00:00,2023-07-13 01:00:00+00:00,0.0,1,359.9,359.9,16,short
2023-07-13 02:00:00+00:00,2023-07-13 02:00:00+00:00,0.0,1,373.8,373.8,16,short
2023-07-13 03:00:00+00:00,2023-07-13 03:00:00+00:00,0.0,1,382.5,382.5,16,short
2023-07-13 04:00:00+00:00,2023-07-13 04:00:00+00:00,0.0,1,341.2,341.2,16,short
2023-07-13 05:00:00+00:00,2023-07-13 05:00:00+00:00,0.0,1,321.5,321.5,16,short
2023-07-13 08:00:00+00:00,2023-07-13 08:00:00+00:00,0.0,1,426.9,426.9,16,short
2023-07-13 09:00:00+00:00,2023-07-13 09:00:00+00:00,0.0,1,342.9,342.9,16,short
2023-07-13 10:00:00+00:00,2023-07-13 10:00:00+00:00,0.0,1,380.2,380.2,16,short
2023-07-13 11:00:00+00:00,2023-07-13 11:00:00+00:00,0.0,1,361.0,361.0,16,short
2023-07-13 12:00:00+00:00,2023-07-13 12:00:00+00:00,0.0,1,409.3,409.3,16,short
2023-07-13 13:00:00+00:00,2023-07-13 13:00:00+00:00,0.0,1,395.0,395.0,16,short
2023-07-13 14:00:00+00:00,2023-07-13 14:00:00+00:00,0.0,1,421.7,421.7,16,short
2023-07-13 15:00:00+00:00,2023-07-13 15:00:00+00:00,0.0,1,388.5,388.5,16,short
2023-07-13 16:00:00+00:00,2023-07-13 16:00:00+00:00,0.0,1,469.3,469.3,16,short
2023-07-13 17:00:00+00:00,2023-07-13 17:00:00+00:00,0.0,1,458.2,458.2,16,short
2023-07-13 18:00:00+00:00,2023-07-13 18:00:00+00:00,0.0,1,476.1,476.1,16,short
2023-07-13 19:00:00+00:00,2023-07-13 19:00:00+00:00,0.0,1,456.9,456.9,16,short
2023-07-13 20:00:00+00:00,2023-07-13 20:00:00+00:00,0.0,1,343.9,343.9,16,short
2023-07-13 21:00:00+00:00,2023-07-13 21:00:00+00:00,0.0,1,470.3,470.3,16,short
2023-07-13 22:00:00+00:00,2023-07-13 22:00:00+00:00,0.0,1,322.1,322.1,16,short
2023-07-13 23:00:00+00:00,2023-07-13 23:00:00+00:00,0.0,1,322.9,322.9,16,short
2023-07-14 00:00:00+00:00,2023-07-14 00:00:00+00:00,0.0,1,491.2,491.2,16,short
2023-07-14 01:00:00+00:00,2023-07-14 01:00:00+00:00,0.0,1,401.9,401.9,16,short
2023-07-14 02:00:00+00:00,2023-07-14 02:00:00+00:00,0.0,1,466.9,466.9,16,short
2023-07-14 03:00:00+00:00,2023-07-14 03:00:00+00:00,0.0,1,471.6,471.6,16,short
2023-07-14 04:00:00+00:00,2023-07-14 04:00:00+00:00,0.0,1,472.9,472.9,16,short
2023-07-14 05:00:00+00:00,2023-07-14 05:00:00+00:00,0.0,1,504.2,504.2,16,short
2023-07-14 06:00:00+00:00,2023-07-14 06:00:00+00:00,0.0,1,477.0,477.0,16,short
2023-07-14 19:00:00+00:00,2023-07-14 19:00:00+00:00,0.0,1,530.9,530.9,16,short
2023-07-14 20:00:00+00:00,2023-07-14 20:00:00+00:00,0.0,1,537.0,537.0,16,short
2023-07-14 21:00:00+00:00,2023-07-14 21:00:00+00:00,0.0,1,517.6,517.6,16,short
2023-07-14 22:00:00+00:00,2023-07-14 22:00:00+00:00,0.0,1,405.3,405.3,16,short
2023-07-14 23:00:00+00:00,2023-07-14 23:00:00+00:00,0.0,1,540.5,540.5,16,short
2023-07-15 00:00:00+00:00,2023-07-15 00:00:00+00:00,0.0,1,567.4,567.4,16,short
2023-07-15 01:00:00+00:00,2023-07-15 01:00:00+00:00,0.0,1,504.0,504.0,16,short
2023-07-15 02:00:00+00:00,2023-07-15 02:00:00+00:00,0.0,1,343.2,343.2,16,short
2023-07-15 03:00:00+00:00,2023-07-15 03:00:00+00:00,0.0,1,531.8,531.8,16,short
2023-07-15 04:00:00+00:00,2023-07-15 04:00:00+00:00,0.0,1,518.5,518.5,16,short
2023-07-15 05:00:00+00:00,2023-07-15 05:00:00+00:00,0.0,1,331.1,331.1,16,short
2023-07-15 06:00:00+00:00,2023-07-15 06:00:00+00:00,0.0,1,490.4,490.4,16,short
2023-07-15 14:00:00+00:00,2023-07-15 14:00:00+00:00,0.0,1,381.0,381.0,16,short
2023-07-15 15:00:00+00:00,2023-07-15 15:00:00+00:00,0.0,1,464.5,464.5,16,short
2023-07-15 21:00:00+00:00,2023-07-15 21:00:00+00:00,0.0,1,397.6,397.6,16,short
2023-07-16 03:00:00+00:00,2023-07-16 03:00:00+00:00,0.0,1,435.7,435.7,16,short
2023-07-16 04:00:00+00:00,2023-07-16 04:00:00+00:00,0.0,1,368.9,368.9,16,short
2023-07-16 05:00:00+00:00,2023-07-16 05:00:00+00:00,0.0,1,438.6,438.6,16,short
2023-07-16 07:00:00+00:00,2023-07-16 07:00:00+00:00,0.0,1,384.6,384.6,16,short
2023-07-16 09:00:00+00:00,2023-07-16 09:00:00+00:00,0.0,1,358.2,358.2,16,short
2023-07-16 10:00:00+00:00,2023-07-16 10:00:00+00:00,0.0,1,333.5,333.5,16,short
2023-07-16 11:00:00+00:00,2023-07-16 11:00:00+00:00,0.0,1,392.3,392.3,16,short
2023-07-16 12:00:00+00:00,2023-07-16 12:00:00+00:00,0.0,1,355.3,355.3,16,short
2023-07-16 15:00:00+00:00,2023-07-16 15:00:00+00:00,0.0,1,348.6,348.6,16,short
2023-07-16 16:00:00+00:00,2023-07-16 16:00:00+00:00,0.0,1,322.0,322.0,16,short
2023-07-16 18:00:00+00:00,2023-07-16 18:00:00+00:00,0.0,1,341.5,341.5,16,short
2023-07-16 19:00:00+00:00,2023-07-16 19:00:00+00:00,0.0,1,341.3,341.3,16,short
2023-07-16 20:00:00+00:00,2023-07-16 20:00:00+00:00,0.0,1,366.0,366.0,16,short
2023-07-16 21:00:00+00:00,2023-07-16 21:00:00+00:00,0.0,1,353.0,353.0,16,short
2023-07-16 22:00:00+00:00,2023-07-16 22:00:00+00:00,0.0,1,353.6,353.6,16,short
2023-07-16 23:00:00+00:00,2023-07-16 23:00:00+00:00,0.0,1,344.1,344.1,16,short
2023-07-17 00:00:00+00:00,2023-07-17 00:00:00+00:00,0.0,1,366.5,366.5,16,short
2023-07-17 01:00:00+00:00,2023-07-17 01:00:00+00:00,0.0,1,402.6,402.6,16,short
2023-07-17 02:00:00+00:00,2023-07-17 02:00:00+00:00,0.0,1,380.7,380.7,16,short
2023-07-17 03:00:00+00:00,2023-07-17 03:00:00+00:00,0.0,1,383.7,383.7,16,short
2023-07-17 04:00:00+00:00,2023-07-17 04:00:00+00:00,0.0,1,369.0,369.0,16,short
2023-07-17 05:00:00+00:00,2023-07-17 05:00:00+00:00,0.0,1,323.1,323.1,16,short
2023-07-17 06:00:00+00:00,2023-07-17 06:00:00+00:00,0.0,1,350.6,350.6,16,short
2023-07-17 07:00:00+00:00,2023-07-17 07:00:00+00:00,0.0,1,320.6,320.6,16,short
2023-07-17 09:00:00+00:00,2023-07-17 09:00:00+00:00,0.0,1,389.7,389.7,16,short
2023-07-17 20:00:00+00:00,2023-07-17 20:00:00+00:00,0.0,1,350.0,350.0,16,short
2023-07-18 00:00:00+00:00,2023-07-18 00:00:00+00:00,0.0,1,335.7,335.7,16,short
2023-07-18 03:00:00+00:00,2023-07-18 03:00:00+00:00,0.0,1,346.3,346.3,16,short
2023-07-18 04:00:00+00:00,2023-07-18 04:00:00+00:00,0.0,1,320.6,320.6,16,short
2023-07-18 05:00:00+00:00,2023-07-18 05:00:00+00:00,0.0,1,351.5,351.5,16,short
2023-07-18 06:00:00+00:00,2023-07-18 06:00:00+00:00,0.0,1,335.9,335.9,16,short
2023-07-18 07:00:00+00:00,2023-07-18 07:00:00+00:00,0.0,1,347.8,347.8,16,short
2023-07-18 08:00:00+00:00,2023-07-18 08:00:00+00:00,0.0,1,372.8,372.8,16,short
2023-07-18 09:00:00+00:00,2023-07-18 09:00:00+00:00,0.0,1,350.7,350.7,16,short
2023-07-18 10:00:00+00:00,2023-07-18 10:00:00+00:00,0.0,1,388.8,388.8,16,short
2023-07-18 11:00:00+00:00,2023-07-18 11:00:00+00:00,0.0,1,363.5,363.5,16,short
2023-07-18 12:00:00+00:00,2023-07-18 12:00:00+00:00,0.0,1,371.0,371.0,16,short
2023-07-18 13:00:00+00:00,2023-07-18 13:00:00+00:00,0.0,1,340.0,340.0,16,short
2023-07-18 14:00:00+00:00,2023-07-18 14:00:00+00:00,0.0,1,329.6,329.6,16,short
2023-07-18 15:00:00+00:00,2023-07-18 15:00:00+00:00,0.0,1,395.5,395.5,16,short
2023-07-18 16:00:00+00:00,2023-07-18 16:00:00+00:00,0.0,1,394.8,394.8,16,short
2023-07-18 17:00:00+00:00,2023-07-18 17:00:00+00:00,0.0,1,331.9,331.9,16,short
2023-07-18 18:00:00+00:00,2023-07-18 18:00:00+00:00,0.0,1,361.4,361.4,16,short
2023-07-18 19:00:00+00:00,2023-07-18 19:00:00+00:00,0.0,1,332.9,332.9,16,short
2023-07-18 23:00:00+00:00,2023-07-18 23:00:00+00:00,0.0,1,335.7,335.7,16,short
2023-07-19 06:00:00+00:00,2023-07-19 06:00:00+00:00,0.0,1,337.3,337.3,16,short
2023-07-20 21:00:00+00:00,2023-07-20 21:00:00+00:00,0.0,1,337.4,337.4,16,short
2023-08-13 06:00:00+00:00,2023-08-13 06:00:00+00:00,0.0,1,382.4,382.4,17,short
2023-08-13 07:00:00+00:00,2023-08-13 07:00:00+00:00,0.0,1,417.6,417.6,17,short
2023-08-13 08:00:00+00:00,2023-08-13 08:00:00+00:00,0.0,1,322.0,322.0,17,short
2023-08-13 09:00:00+00:00,2023-08-13 09:00:00+00:00,0.0,1,321.5,321.5,17,short
2023-10-08 06:00:00+00:00,2023-10-08 06:00:00+00:00,0.0,1,328.2,328.2,17,short
2023-10-08 07:00:00+00:00,2023-10-08 07:00:00+00:00,0.0,1,330.2,330.2,17,short
2024-05-27 14:00:00+00:00,2024-05-27 14:00:00+00:00,0.0,1,967.1,967.1,18,short
2024-06-12 00:00:00+00:00,2024-06-12 00:00:00+00:00,0.0,1,519.2,519.2,18,short
2024-09-24 23:00:00+00:00,2024-09-24 23:00:00+00:00,0.0,1,331.5,331.5,18,short
