feature,gain,horizon,gain_percentage,rank
turbidity,913.2310180664062,12h,9.546133048651031,1
turbidity_change_24h,902.2750854492188,12h,9.431609134803722,2
turbidity_rolling_std_6h,451.19769287109375,12h,4.716433325393952,3
turbidity_change_6h,334.4466857910156,12h,3.496018528806984,4
turbidity_change_3h,225.23753356933594,12h,2.354439808182834,5
turbidity_rolling_mean_24h,166.7690887451172,12h,1.7432608814951753,6
f125,139.9013671875,12h,1.4624087864292665,7
sp_conductance_change_6h,138.4241485595703,12h,1.4469672110937941,8
do_saturation_lag_1h,131.71490478515625,12h,1.3768345366014203,9
water_temperature_rolling_max_6h,130.14527893066406,12h,1.3604270154516127,10
sp_conductance_change_12h,129.8168182373047,12h,1.3569935693486763,11
sp_conductance_change_24h,129.169189453125,12h,1.3502238140319927,12
sp_conductance_change_3h,103.11796569824219,12h,1.0779066860276896,13
day_of_year,101.59225463867188,12h,1.0619582124428846,14
turbidity_change_12h,97.74490356445312,12h,1.0217413072865904,15
sp_conductance_lag_3h,96.868408203125,12h,1.0125791772557033,16
sp_conductance_lag_1h,90.80725860595703,12h,0.9492211228995869,17
water_temperature_rolling_max_24h,87.1023178100586,12h,0.9104928525327894,18
water_temperature_rolling_std_24h,80.6593246459961,12h,0.8431433333433116,19
do_saturation_rolling_max_24h,80.13443756103516,12h,0.8376566143757882,20
month_cos,79.86261749267578,12h,0.8348152407402912,21
do_concentration_rolling_max_24h,79.41476440429688,12h,0.8301337690388958,22
do_saturation_change_3h,77.76465606689453,12h,0.8128849531074317,23
do_saturation_rolling_mean_12h,77.62773895263672,12h,0.8114537391391307,24
do_saturation,74.82613372802734,12h,0.7821681633156732,25
water_temperature_change_6h,74.37723541259766,12h,0.7774757657080227,26
turbidity_rolling_max_24h,74.23123168945312,12h,0.7759495681313271,27
do_saturation_lag_24h,71.06610107421875,12h,0.7428640099629679,28
water_temperature_rolling_mean_6h,69.47787475585938,12h,0.7262620555325005,29
water_temperature_lag_3h,69.04903411865234,12h,0.7217793236733545,30
ph_change_24h,68.77867889404297,12h,0.718953262256843,31
sp_conductance_lag_24h,68.31642150878906,12h,0.7141212204020903,32
turbidity_rolling_std_12h,67.61827087402344,12h,0.706823353032688,33
month,67.37157440185547,12h,0.7042445999030204,34
do_saturation_rolling_mean_6h,66.95236206054688,12h,0.6998625139832478,35
turbidity_rolling_mean_6h,65.98104858398438,12h,0.6897092367776119,36
do_concentration_rolling_mean_12h,64.99838256835938,12h,0.6794372898748382,37
turbidity_lag_1h,64.86907958984375,12h,0.6780856675448055,38
water_temperature_rolling_mean_24h,64.71453094482422,12h,0.6764701486906946,39
turbidity_rolling_std_24h,63.67522048950195,12h,0.6656060894449113,40
do_concentration_rolling_max_6h,63.200897216796875,12h,0.6606479211613796,41
sp_conductance_lag_12h,63.19730758666992,12h,0.6606103982497511,42
f194,62.9931640625,12h,0.6584764571064982,43
sp_conductance_rolling_mean_6h,62.455074310302734,12h,0.6528517287902539,44
turbidity_rolling_max_12h,61.391170501708984,12h,0.6417305917429094,45
ph_lag_12h,61.0625,12h,0.6382949524836078,46
do_concentration_rolling_mean_24h,60.79364013671875,12h,0.6354845222906439,47
sp_conductance_rolling_std_12h,60.48388671875,12h,0.6322466259843349,48
do_concentration_change_24h,59.169715881347656,12h,0.6185094122735456,49
f167,58.9404296875,12h,0.6161126512466119,50
water_temperature_change_3h,57.53508758544922,12h,0.6014224114062563,51
water_temperature_rolling_std_6h,57.29863357543945,12h,0.5989507241827763,52
ph_rolling_std_24h,56.577125549316406,12h,0.5914086986965817,53
water_temperature_change_24h,56.2980842590332,12h,0.5884918406065547,54
do_saturation_change_24h,56.19658279418945,12h,0.5874308314326843,55
do_concentration_rolling_max_12h,55.91268539428711,12h,0.5844632117416975,56
do_saturation_lag_3h,55.64673614501953,12h,0.5816832066088532,57
water_temperature_rolling_std_12h,54.515296936035156,12h,0.5698561124653646,58
do_saturation_rolling_std_24h,54.38004684448242,12h,0.5684423241212736,59
turbidity_rolling_mean_12h,53.960899353027344,12h,0.5640609160861958,60
turbidity_lag_24h,51.8597297668457,12h,0.5420970930987352,61
ph_rolling_max_12h,50.94672393798828,12h,0.5325533139847486,62
do_saturation_rolling_max_12h,50.23249435424805,12h,0.5250873710866384,63
do_concentration_rolling_std_24h,50.19533920288086,12h,0.5246989830321623,64
do_concentration_lag_1h,49.55242919921875,12h,0.5179785537959086,65
do_concentration_lag_6h,49.47011947631836,12h,0.5171181586160905,66
ph_rolling_mean_24h,48.394840240478516,12h,0.5058781126181867,67
turbidity_lag_12h,48.07520294189453,12h,0.5025368987092957,68
water_temperature_change_12h,47.8266487121582,12h,0.4999387261769043,69
turbidity_rolling_max_6h,47.58533477783203,12h,0.4974162374768944,70
sp_conductance_lag_6h,46.90007400512695,12h,0.49025310965945046,71
do_saturation_lag_6h,46.29851150512695,12h,0.4839648917294047,72
sp_conductance_rolling_mean_24h,45.18663024902344,12h,0.4723422396347148,73
f196,44.408203125,12h,0.46420523076445075,74
ph_rolling_mean_6h,43.966800689697266,12h,0.45959118865239007,75
ph_change_3h,42.85029983520508,12h,0.4479202472420974,76
sp_conductance_rolling_max_12h,42.1281623840332,12h,0.4403716422868076,77
f128,41.97489929199219,12h,0.4387695614998792,78
do_saturation_lag_12h,41.53154373168945,12h,0.43413510309583786,79
f212,40.954376220703125,12h,0.428101889437699,80
sp_conductance_rolling_mean_12h,40.42033386230469,12h,0.42251946910151617,81
f150,38.576263427734375,12h,0.4032431399238624,82
f176,38.46510696411133,12h,0.40208120568162675,83
sp_conductance_rolling_max_6h,38.41514205932617,12h,0.40155891546216815,84
ph_rolling_max_24h,37.59471893310547,12h,0.3929829164387496,85
ph_rolling_std_6h,37.552608489990234,12h,0.3925427300184867,86
do_saturation_rolling_max_6h,37.52450180053711,12h,0.39224892681670237,87
ph_rolling_std_12h,36.4033203125,12h,0.3805290580816825,88
do_concentration_rolling_std_12h,36.14476013183594,12h,0.3778262919284605,89
ph,35.908180236816406,12h,0.37535328881116153,90
do_saturation_rolling_mean_24h,34.168392181396484,12h,0.3571670380981084,91
water_temperature_lag_6h,33.856204986572266,12h,0.35390370117796405,92
do_concentration_lag_12h,33.41373062133789,12h,0.3492784540306561,93
f200,32.10633087158203,12h,0.3356120194571045,94
f215,31.20275115966797,12h,0.3261667728772668,95
ph_lag_3h,31.13896369934082,12h,0.3254999935289177,96
ph_lag_1h,30.883026123046875,12h,0.32282464183025955,97
sp_conductance_rolling_std_24h,30.742319107055664,12h,0.32135381148289055,98
ph_lag_24h,29.768953323364258,12h,0.3111790812204467,99
water_temperature_rolling_max_12h,29.608171463012695,12h,0.3094984056845068,100
f201,29.563949584960938,12h,0.3090361481360969,101
ph_lag_6h,29.384170532226562,12h,0.30715689226018883,102
sp_conductance_rolling_std_6h,29.33787727355957,12h,0.30667298227711975,103
ph_change_12h,28.86616325378418,12h,0.3017420888836559,104
ph_rolling_mean_12h,28.279951095581055,12h,0.2956143302483957,105
ph_change_6h,27.402599334716797,12h,0.28644324815198197,106
sp_conductance,26.77157211303711,12h,0.27984703131713407,107
water_temperature_lag_24h,26.64962387084961,12h,0.27857228908659115,108
water_temperature_lag_1h,26.60213851928711,12h,0.2780759179878111,109
sp_conductance_rolling_max_24h,26.282360076904297,12h,0.27473322868282,110
ph_rolling_max_6h,26.07685089111328,12h,0.2725850120854088,111
turbidity_ratio_1h,25.703060150146484,12h,0.26867772458089767,112
do_saturation_change_6h,25.37139320373535,12h,0.2652107630611453,113
do_saturation_rolling_std_12h,25.137638092041016,12h,0.2627672878036348,114
do_saturation_change_12h,24.951942443847656,12h,0.26082618491823056,115
do_concentration_lag_24h,23.522504806518555,12h,0.24588407103823454,116
turbidity_lag_3h,23.22466468811035,12h,0.24277070613789348,117
high_turbidity,22.1608829498291,12h,0.2316508451087977,118
water_temperature_lag_12h,21.995342254638672,12h,0.22992042479894012,119
do_concentration_change_3h,21.862930297851562,12h,0.22853630387913354,120
do_concentration_change_6h,21.50262451171875,12h,0.22476997651554356,121
water_temperature_rolling_mean_12h,20.946426391601562,12h,0.218955958867205,122
day_of_week,20.681930541992188,12h,0.2161911463266355,123
month_sin,20.294919967651367,12h,0.21214567003333717,124
do_concentration_rolling_mean_6h,20.25933074951172,12h,0.21177365090045897,125
water_temperature,19.140058517456055,12h,0.2000737398883617,126
do_concentration_lag_3h,19.13213348388672,12h,0.1999908983911159,127
do_concentration_rolling_std_6h,16.762258529663086,12h,0.17521826017128758,128
do_concentration,16.55448341369629,12h,0.1730463574851332,129
do_concentration_change_12h,16.299320220947266,12h,0.1703791005272408,130
f197,15.646930694580078,12h,0.16355958049885438,131
turbidity_change_1h,15.20138168334961,12h,0.158902193641905,132
hour_cos,14.840136528015137,12h,0.15512604691913487,133
do_saturation_rolling_std_6h,13.542627334594727,12h,0.14156299973041309,134
f180,13.405951499938965,12h,0.1401343078919319,135
turbidity_lag_6h,12.381535530090332,12h,0.12942594281028633,136
hour,10.274918556213379,12h,0.10740517750847342,137
hour_sin,9.162591934204102,12h,0.09577786994095386,138
f155,4.820494174957275,12h,0.05038930768232323,139
f220,4.5737714767456055,12h,0.04781028040811,140
f174,4.360905647277832,12h,0.04558516377342396,141
turbidity_change_24h,1099.49462890625,24h,9.3434043148941,1
f128,413.1904296875,24h,3.5112543000374354,2
f148,345.190673828125,24h,2.933398623798017,3
f150,276.40875244140625,24h,2.3488961767868166,4
month_sin,264.81170654296875,24h,2.2503455464892625,5
f218,236.3284454345703,24h,2.008297411149843,6
f137,229.7236328125,24h,1.9521703204577239,7
month_cos,229.4709930419922,24h,1.9500234109050825,8
sp_conductance_change_3h,222.4420623779297,24h,1.8902922040677888,9
sp_conductance_change_24h,203.13706970214844,24h,1.7262401504026197,10
f149,199.00851440429688,24h,1.6911560668881793,11
f191,198.57626342773438,24h,1.6874828378124276,12
f219,191.06710815429688,24h,1.623670726376431,13
turbidity,186.93508911132812,24h,1.5885572082742967,14
turbidity_rolling_mean_24h,153.3057403564453,24h,1.3027780930311221,15
do_saturation_lag_12h,150.82891845703125,24h,1.281730288145317,16
sp_conductance_rolling_max_6h,150.59584045410156,24h,1.2797496126958638,17
sp_conductance_change_6h,145.4339141845703,24h,1.2358840376289975,18
do_saturation_rolling_mean_6h,138.2276153564453,24h,1.1746455724333111,19
f147,131.50425720214844,24h,1.117511092702449,20
turbidity_change_6h,126.48583221435547,24h,1.0748649783402886,21
water_temperature_rolling_max_24h,125.87171936035156,24h,1.0696463037428148,22
ph_change_24h,123.9116439819336,24h,1.0529897633043714,23
do_saturation_rolling_max_24h,112.14266967773438,24h,0.9529781012145615,24
turbidity_lag_1h,111.20796966552734,24h,0.9450351064080527,25
f197,110.07806396484375,24h,0.9354332715999167,26
ph_rolling_mean_24h,109.84552001953125,24h,0.9334571345230155,27
day_of_year,103.99436950683594,24h,0.8837345951761921,28
do_saturation_lag_1h,102.91883087158203,24h,0.8745947666938434,29
f126,102.36163330078125,24h,0.869859752942619,30
sp_conductance_lag_1h,96.54141998291016,24h,0.8204001150343398,31
do_saturation_lag_24h,95.24736022949219,24h,0.8094033141715253,32
ph_rolling_max_6h,93.48129272460938,24h,0.7943954348134139,33
do_concentration_change_24h,92.09233856201172,24h,0.7825922299820135,34
f154,91.9610595703125,24h,0.7814766331748534,35
f127,88.68220520019531,24h,0.7536132300583345,36
sp_conductance_rolling_mean_12h,84.14530181884766,24h,0.7150590420567887,37
f125,83.90143585205078,24h,0.7129866914817865,38
f139,81.47701263427734,24h,0.6923841657772201,39
do_concentration_rolling_mean_24h,78.26744842529297,24h,0.6651095840823682,40
ph_rolling_max_24h,77.72806549072266,24h,0.6605259574726977,41
ph_rolling_std_24h,77.40129089355469,24h,0.6577490569759539,42
water_temperature_rolling_std_24h,76.92567443847656,24h,0.6537073120489847,43
turbidity_lag_3h,76.32808685302734,24h,0.6486290676650466,44
turbidity_rolling_mean_6h,75.8634262084961,24h,0.6446804242092858,45
turbidity_rolling_max_24h,74.5737075805664,24h,0.6337205138319291,46
do_saturation,72.29936218261719,24h,0.614393335648351,47
sp_conductance_lag_24h,71.6673583984375,24h,0.6090226255703871,48
do_concentration_rolling_max_24h,70.48822021484375,24h,0.5990024176468561,49
turbidity_rolling_std_24h,68.1312026977539,24h,0.5789726993922378,50
turbidity_rolling_max_6h,66.49119567871094,24h,0.5650360704580648,51
turbidity_change_12h,64.50396728515625,24h,0.5481487861923022,52
do_saturation_rolling_mean_24h,64.25788116455078,24h,0.5460575689542626,53
sp_conductance_lag_12h,64.23884582519531,24h,0.545895808389733,54
sp_conductance_rolling_mean_24h,63.51736068725586,24h,0.5397646939906918,55
water_temperature_change_24h,63.10361862182617,24h,0.5362487519408116,56
f200,62.8315544128418,24h,0.533936775295067,57
water_temperature_change_6h,62.76515579223633,24h,0.5333725259190738,58
sp_conductance_change_12h,61.85743713378906,24h,0.5256588161772782,59
sp_conductance_rolling_std_6h,61.36239242553711,24h,0.521451971740259,60
turbidity_rolling_max_12h,61.07552719116211,24h,0.5190142173409321,61
turbidity_lag_24h,60.749000549316406,24h,0.5162394239457303,62
water_temperature_change_3h,59.958221435546875,24h,0.5095194557080751,63
do_concentration_rolling_std_24h,59.930755615234375,24h,0.5092860536911183,64
f135,59.76011657714844,24h,0.5078359788268805,65
sp_conductance,58.7135009765625,24h,0.4989419356351661,66
do_saturation_change_12h,58.09169387817383,24h,0.4936578760559975,67
f140,56.93603515625,24h,0.4838371944400177,68
f175,56.49412155151367,24h,0.48008185323802277,69
water_temperature_rolling_max_12h,56.29706573486328,24h,0.47840729101719787,70
do_concentration_change_3h,56.07087326049805,24h,0.47648512815671806,71
water_temperature_rolling_max_6h,55.31861877441406,24h,0.47009253866479167,72
sp_conductance_rolling_max_24h,54.01853942871094,24h,0.45904458385992736,73
turbidity_change_3h,53.992431640625,24h,0.4588227222760312,74
ph_rolling_max_12h,53.874786376953125,24h,0.45782298363673285,75
water_temperature_rolling_mean_24h,53.76627731323242,24h,0.4569008835850193,76
sp_conductance_rolling_max_12h,53.61372756958008,24h,0.455604529882505,77
sp_conductance_rolling_std_24h,52.26259994506836,24h,0.444122771495569,78
f201,50.790164947509766,24h,0.43161015420040694,79
ph_rolling_mean_12h,50.26350784301758,24h,0.42713467052525983,80
do_saturation_rolling_max_12h,49.62144088745117,24h,0.4216784445416387,81
water_temperature_rolling_std_6h,49.206172943115234,24h,0.41814953571303864,82
water_temperature_rolling_mean_6h,48.37735366821289,24h,0.4111063056818983,83
do_saturation_rolling_mean_12h,47.6342887878418,24h,0.4047918086148122,84
sp_conductance_lag_3h,47.54751205444336,24h,0.4040543879090158,85
water_temperature_rolling_std_12h,47.37565994262695,24h,0.40259400445569565,86
sp_conductance_lag_6h,46.47956085205078,24h,0.39497903673385154,87
do_concentration_change_12h,46.363460540771484,24h,0.3939924269580069,88
turbidity_rolling_mean_12h,45.75010681152344,24h,0.3887802033329461,89
do_saturation_change_3h,45.4602165222168,24h,0.3863167422948072,90
turbidity_lag_12h,43.88272476196289,24h,0.3729113622847854,91
turbidity_rolling_std_12h,43.05997848510742,24h,0.36591974003294997,92
ph_lag_24h,42.056800842285156,24h,0.3573948286144422,93
sp_conductance_rolling_mean_6h,41.67176055908203,24h,0.35412279167228183,94
do_saturation_lag_3h,40.903804779052734,24h,0.3475967740273285,95
day_of_week,39.97215270996094,24h,0.3396796803613125,96
f152,38.364295959472656,24h,0.32601626145476614,97
do_saturation_change_24h,38.3264274597168,24h,0.32569445842388695,98
do_concentration_rolling_max_12h,38.29983139038086,24h,0.3254684474708004,99
do_saturation_rolling_std_24h,37.51624298095703,24h,0.31880958517786245,100
do_saturation_rolling_max_6h,37.18929672241211,24h,0.3160312259185126,101
f176,35.85694885253906,24h,0.3047090561606709,102
sp_conductance_rolling_std_12h,34.302940368652344,24h,0.2915032348751471,103
water_temperature_change_12h,34.25291061401367,24h,0.2910780866178709,104
do_concentration_rolling_std_12h,33.275909423828125,24h,0.2827756202883017,105
hour_cos,32.86125183105469,24h,0.27925189817118956,106
ph_lag_1h,32.6287727355957,24h,0.277276312182384,107
ph_lag_12h,31.853721618652344,24h,0.2706899990163835,108
turbidity_rolling_std_6h,31.645198822021484,24h,0.2689179914534792,109
ph,31.091266632080078,24h,0.2642107266087152,110
water_temperature_lag_24h,31.060150146484375,24h,0.26394630157367116,111
water_temperature_lag_1h,30.673358917236328,24h,0.26065938525292986,112
do_concentration_rolling_mean_12h,30.37040901184082,24h,0.2580849447974226,113
do_concentration_lag_24h,30.035564422607422,24h,0.25523946624972427,114
water_temperature_rolling_mean_12h,29.756263732910156,24h,0.2528659946559009,115
ph_rolling_std_6h,29.637895584106445,24h,0.25186011300518396,116
high_turbidity,28.224056243896484,24h,0.23984543622133664,117
do_concentration_rolling_max_6h,28.08730697631836,24h,0.23868335351246603,118
do_saturation_rolling_std_12h,28.043487548828125,24h,0.23831098004457948,119
ph_lag_6h,27.638580322265625,24h,0.23487011564348703,120
water_temperature_lag_6h,27.544269561767578,24h,0.2340686714677615,121
do_concentration_lag_6h,27.53318977355957,24h,0.2339745164457822,122
do_saturation_lag_6h,27.480445861816406,24h,0.2335263035308581,123
do_concentration_rolling_mean_6h,26.51749038696289,24h,0.2253431963994049,124
water_temperature,26.406780242919922,24h,0.2244023917693881,125
ph_rolling_mean_6h,24.534658432006836,24h,0.20849327266482884,126
do_saturation_change_6h,24.030866622924805,24h,0.2042120961687982,127
f194,23.319557189941406,24h,0.19816745397534496,128
turbidity_lag_6h,22.081790924072266,24h,0.18764902999645144,129
do_concentration_rolling_std_6h,21.48118019104004,24h,0.18254509518217463,130
do_concentration_lag_12h,20.72415542602539,24h,0.17611196829827544,131
water_temperature_lag_12h,20.634695053100586,24h,0.17535174227040556,132
do_concentration_change_6h,20.586002349853516,24h,0.17493795615298258,133
f174,19.88154411315918,24h,0.16895153479598132,134
do_concentration,19.127487182617188,24h,0.1625436282966922,135
month,19.030378341674805,24h,0.1617184062904892,136
ph_change_12h,18.439517974853516,24h,0.15669732919223203,137
do_concentration_lag_3h,18.335094451904297,24h,0.15580994769054088,138
f168,17.925140380859375,24h,0.15232619566883263,139
do_saturation_rolling_std_6h,17.393571853637695,24h,0.147808975174681,140
water_temperature_lag_3h,16.86134910583496,24h,0.14328619517415325,141
ph_change_6h,15.109542846679688,24h,0.12839950657165214,142
f173,14.316036224365234,24h,0.12165636021703537,143
ph_rolling_std_12h,13.608770370483398,24h,0.11564607998718963,144
ph_lag_3h,12.081212997436523,24h,0.102665037810774,145
do_concentration_lag_1h,12.030521392822266,24h,0.10223426521322805,146
hour,11.656669616699219,24h,0.09905730717603083,147
turbidity_ratio_1h,11.391417503356934,24h,0.09680321909303356,148
turbidity_change_1h,9.253689765930176,24h,0.0786370052336614,149
f164,7.809350967407227,24h,0.06636314685591488,150
hour_sin,6.236135482788086,24h,0.05299410624325533,151
ph_change_3h,5.576303958892822,24h,0.04738691859050707,152
f195,3.6453819274902344,24h,0.030978120615861075,153
f129,0.052520751953125,24h,0.00044631652353633553,154
